pl_name,hostname,sy_snum,sy_pnum,pl_orbper,pl_orbsmax,pl_bmassj,st_mass,rowupdate
11 Com b,11 Com,2,1,323.21,1.178,15.464,2.09,2023-09-19
11 UMi b,11 UMi,1,1,516.21997,1.53,14.74,2.78,2018-09-04
14 And b,14 And,1,1,186.76,0.775,3.559,1.78,2023-09-19
14 Her b,14 Her,1,2,1765.0389,2.774,8.053,0.91,2023-06-12
16 Cyg B b,16 Cyg B,3,1,799.45,1.676,1.752,0.98,2021-09-20
17 Sco b,17 Sco,1,1,578.38,1.45,4.32,1.22,2021-10-25
18 Del b,18 Del,2,1,982.85,2.476,9.207,2.1,2023-09-19
24 Boo b,24 Boo,1,1,30.33,0.194,0.883,1.05,2023-09-19
24 Sex b,24 Sex,1,2,452.8,1.333,1.99,1.54,2014-05-14
24 Sex c,24 Sex,1,2,883.0,2.08,0.86,1.54,2014-05-14
30 Ari B b,30 Ari B,4,1,335.10001,0.99,13.82,1.93,2018-09-04
4 UMa b,4 UMa,1,1,270.27,0.877,7.902,1.23,2023-09-19
42 Dra b,42 Dra,2,1,479.1,1.19,3.88,0.98,2014-05-14
47 UMa b,47 UMa,1,3,1076.6,2.059,2.438,1.01,2021-09-20
47 UMa c,47 UMa,1,3,2287.0,3.404,0.497,1.01,2021-09-20
47 UMa d,47 UMa,1,3,19000.0,13.8,1.51,1.01,2021-09-20
51 Peg b,51 Peg,1,1,4.2307969,0.05235,0.464,1.07,2022-05-09
55 Cnc b,55 Cnc,2,5,14.65171,0.1162,0.841,0.97,2022-05-09
55 Cnc c,55 Cnc,2,5,44.3827,0.2432,0.171,0.97,2021-09-20
55 Cnc d,55 Cnc,2,5,4820.0,5.54,2.86,0.97,2021-09-20
55 Cnc f,55 Cnc,2,5,260.98,0.792,0.1475,0.97,2021-09-20
6 Lyn b,6 Lyn,1,1,919.86,2.028,1.881,1.32,2023-09-19
61 Vir b,61 Vir,1,3,4.21487,0.04956,0.0161,0.91,2021-09-20
61 Vir c,61 Vir,1,3,38.0957,0.2151,0.0507,0.91,2021-09-20
61 Vir d,61 Vir,1,3,123.01,0.476,0.072,0.94,2014-05-14
7 CMa b,7 CMa,1,2,763.0,1.9,2.6,1.52,2019-10-18
7 CMa c,7 CMa,1,2,996.0,2.153,0.87,1.34,2019-10-18
70 Vir b,70 Vir,1,1,116.69335,0.4765,7.23,1.06,2021-09-20
75 Cet b,75 Cet,2,2,696.62,1.912,2.479,1.92,2023-09-19
75 Cet c,75 Cet,2,2,2051.62,3.929,0.912,1.92,2023-09-19
8 UMi b,8 UMi,1,1,93.4,0.49,1.31,1.44,2018-09-04
81 Cet b,81 Cet,1,1,1005.57,2.104,3.307,1.23,2023-09-19
91 Aqr b,91 Aqr,3,1,181.4,0.7,3.2,1.4,2014-05-14
AF Lep b,AF Lep,1,1,8030.0,8.4,3.2,1.2,2023-06-12
BD+03 2562 b,BD+03 2562,1,1,481.9,1.3,6.4,1.14,2017-06-13
BD+14 4559 b,BD+14 4559,1,1,268.94,0.78,1.04,0.49,2018-09-04
BD+15 2375 b,BD+15 2375,1,1,153.22,0.576,1.061,1.08,2016-02-03
BD+15 2940 b,BD+15 2940,1,1,137.48,0.539,1.11,1.1,2014-05-14
BD+20 2457 b,BD+20 2457,1,2,379.63,1.05,55.59,10.83,2018-09-04
BD+20 2457 c,BD+20 2457,1,2,621.99,2.01,12.47,2.8,2014-05-14
BD+20 274 b,BD+20 274,1,1,578.2,1.3,4.2,0.8,2015-09-16
BD+45 564 b,BD+45 564,1,1,307.88,0.83,1.36,0.81,2021-05-28
BD+48 738 b,BD+48 738,1,1,392.6,1.0,0.91,0.74,2015-08-12
BD+48 740 b,BD+48 740,1,1,733.0,1.7,1.7,1.09,2018-02-01
BD+49 828 b,BD+49 828,1,1,2590.0,4.2,1.6,1.52,2015-02-05
BD+55 362 b,BD+55 362,1,1,265.59,0.78,0.72,0.91,2021-05-28
BD+63 1405 b,BD+63 1405,1,1,1230.0,2.115,10.4,0.82,2023-06-12
BD-00 4475 b,BD-00 4475,1,1,723.2,1.48,25.05,0.81,2021-05-28
BD-06 1339 b,BD-06 1339,1,2,3.8728,0.0428,0.027,0.7,2014-05-14
BD-06 1339 c,BD-06 1339,1,2,125.94,0.435,0.17,0.7,2014-05-14
BD-08 2823 b,BD-08 2823,1,2,5.6,0.06,0.04,0.5,2018-09-04
BD-08 2823 c,BD-08 2823,1,2,237.6,0.68,0.33,0.74,2014-05-14
BD-10 3166 b,BD-10 3166,1,1,3.487905,0.045,0.449,1.0,2022-05-09
BD-11 4672 b,BD-11 4672,1,2,1634.0,2.36,0.65,0.65,2020-07-17
BD-11 4672 c,BD-11 4672,1,2,74.2,0.3,0.04836,0.65,2020-07-17
BD-13 2130 b,BD-13 2130,1,1,714.29999,1.66,9.78,2.12,2018-09-04
BD-17 63 b,BD-17 63,1,1,655.59998,1.34,2.85,0.31,2019-09-04
BD-210397 b,BD-210397,1,2,1891.0,2.63,0.7,0.68,2023-06-27
BD-210397 c,BD-210397,1,2,6240.0,5.9,4.8,0.69,2023-09-05
CD Cet b,CD Cet,1,1,2.2907,0.0185,0.01243,0.16,2021-11-02
CFBDSIR J145829+101343 b,CFBDSIR J145829+101343,1,1,10037.5,2.6,10.5,0.02,2014-05-14
CFHTWIR-Oph 98 b,CFHTWIR-Oph 98 A,1,1,8040000.0,200.0,7.8,0.01,2021-05-17
COCONUTS-2 b,COCONUTS-2 A,1,1,402000000.0,7506.0,6.3,0.37,2021-08-16
CoRoT-10 b,CoRoT-10,1,1,13.2406,0.1055,2.73,0.89,2019-03-18
CoRoT-14 b,CoRoT-14,1,1,1.51214,0.02691,7.42,1.13,2019-03-18
CoRoT-16 b,CoRoT-16,1,1,5.35227,0.0618,0.529,1.1,2019-03-18
CoRoT-17 b,CoRoT-17,1,1,3.7681,0.0481,2.41,1.04,2019-03-18
CoRoT-20 c,CoRoT-20,1,2,1675.0,2.9,17.0,1.14,2018-07-18
CoRoT-21 b,CoRoT-21,1,1,2.72474,0.0416,2.22,1.29,2019-03-18
CoRoT-22 b,CoRoT-22,1,1,9.75598,0.092,0.038,1.1,2014-08-21
CoRoT-23 b,CoRoT-23,1,1,3.6313,0.0484,3.09,1.14,2019-03-18
CoRoT-24 b,CoRoT-24,1,2,5.1134,0.056,0.018,0.91,2018-06-06
CoRoT-24 c,CoRoT-24,1,2,11.759,0.098,0.088,0.91,2014-06-11
CoRoT-25 b,CoRoT-25,1,1,4.86069,0.05789,0.293,1.09,2019-03-18
CoRoT-26 b,CoRoT-26,1,1,4.20474,0.0525,0.58,1.09,2019-03-18
CoRoT-27 b,CoRoT-27,1,1,3.57532,0.0467,10.3,1.05,2019-03-18
CoRoT-28 b,CoRoT-28,1,1,5.20851,0.059,0.481,1.01,2019-03-18
CoRoT-29 b,CoRoT-29,1,1,2.85057,0.039,0.84,0.97,2019-03-18
CoRoT-3 b,CoRoT-3,1,1,4.2567994,0.05783,21.96,1.4,2023-03-15
CoRoT-30 b,CoRoT-30,1,1,9.06005,0.0844,2.9,0.98,2020-04-10
CoRoT-31 b,CoRoT-31,1,1,4.62941,0.0586,0.84,1.25,2020-04-10
CoRoT-35 b,CoRoT-35,1,1,3.22748,0.0429,1.1,1.01,2022-08-01
CoRoT-36 b,CoRoT-36,1,1,5.616531,0.066,0.68,1.32,2022-08-01
CoRoT-8 b,CoRoT-8,1,1,6.212445,0.0636,0.218,0.89,2019-10-04
DE CVn b,DE CVn,2,1,4098.1,5.75,12.0293,0.51,2019-07-03
DENIS-P J082303.1-491201 b,DENIS-P J082303.1-491201,1,1,246.36,0.36,28.5,0.07,2014-05-14
DMPP-1 b,DMPP-1,1,4,18.57,0.1462,0.07636,1.21,2020-01-23
DMPP-1 c,DMPP-1,1,4,6.584,0.0733,0.0302,1.21,2020-01-23
DMPP-1 d,DMPP-1,1,4,2.882,0.0422,0.01054,1.21,2020-01-23
DMPP-1 e,DMPP-1,1,4,5.516,0.0651,0.01299,1.21,2020-01-23
DMPP-2 b,DMPP-2,1,1,5.2072,0.0664,0.437,1.44,2020-01-23
DMPP-3 A b,DMPP-3 A,2,1,6.6732,0.0662,0.00812,0.87,2020-01-23
DMPP-4 b,DMPP-4,1,1,3.4982,0.04853,0.03839,1.25,2023-08-07
EPIC 220674823 b,EPIC 220674823,1,2,0.571292,0.01326,0.02583,0.95,2023-04-17
EPIC 220674823 c,EPIC 220674823,1,2,13.3397,0.1083,0.028,0.95,2023-04-17
EPIC 229004835 b,EPIC 229004835,1,1,16.141132,0.1237,0.03272,0.97,2023-05-03
EPIC 248847494 b,EPIC 248847494,1,1,3650.0,4.5,13.0,0.9,2019-07-19
EPIC 249893012 b,EPIC 249893012,1,3,3.5951,0.047,0.02753,1.05,2020-02-06
EPIC 249893012 c,EPIC 249893012,1,3,15.624,0.13,0.04616,1.05,2020-02-06
EPIC 249893012 d,EPIC 249893012,1,3,35.747,0.22,0.03203,1.05,2020-02-06
G 264-012 b,G 264-012,1,2,2.30538,0.02279,0.00787,0.3,2021-07-12
G 264-012 c,G 264-012,1,2,8.0518,0.0525,0.0118,0.3,2021-07-12
GJ 1002 b,GJ 1002,1,2,10.3465,0.0457,0.0034,0.12,2022-12-17
GJ 1002 c,GJ 1002,1,2,21.202,0.0738,0.00428,0.12,2022-12-17
GJ 1061 b,GJ 1061,1,3,3.204,0.021,0.00431,0.12,2020-02-21
GJ 1061 c,GJ 1061,1,3,6.689,0.035,0.00547,0.12,2020-02-21
GJ 1061 d,GJ 1061,1,3,13.031,0.054,0.00516,0.12,2020-02-21
GJ 1132 c,GJ 1132,1,2,8.929,0.0476,0.00831,0.18,2018-06-26
GJ 1148 b,GJ 1148,1,2,41.375,0.1686,0.339,0.37,2021-09-20
GJ 1148 c,GJ 1148,1,2,535.9,0.9302,0.26,0.37,2021-09-20
GJ 1151 c,GJ 1151,1,1,389.7,0.5714,0.03341,0.16,2023-01-23
GJ 1214 b,GJ 1214,1,1,1.58040453,0.01505,0.02646,0.18,2024-03-25
GJ 1265 b,GJ 1265,1,1,3.6511,0.026,0.02328,0.18,2018-12-03
GJ 15 A b,GJ 15 A,2,2,11.4432,0.0732,0.0171,0.4,2021-09-20
GJ 15 A c,GJ 15 A,2,2,7600.0,5.4,0.11327,0.38,2019-10-02
GJ 160.2 b,GJ 160.2,1,1,5.2354,0.053,0.03209,0.69,2019-10-04
GJ 179 b,GJ 179,1,1,2303.0,2.424,0.95,0.36,2023-06-12
GJ 180 b,GJ 180,1,3,17.133,0.092,0.02042,0.43,2020-02-06
GJ 180 c,GJ 180,1,3,24.329,0.129,0.02014,0.43,2019-10-04
GJ 180 d,GJ 180,1,3,106.3,0.309,0.02379,0.43,2020-02-06
GJ 2030 b,GJ 2030,1,2,2.38129,0.034,0.015,0.96,2023-06-14
GJ 2030 c,GJ 2030,1,2,25533.11353,16.761,12.803,0.96,2023-06-12
GJ 2056 b,GJ 2056,1,1,69.971,0.283,0.05097,0.62,2020-09-08
GJ 229 A c,GJ 229,2,2,121.93268,0.384,0.027,0.51,2023-06-14
GJ 229 b,GJ 229,2,2,579.47495,1.086,0.047,0.51,2023-06-14
GJ 251 b,GJ 251,1,1,14.238,0.0818,0.01259,0.36,2021-02-26
GJ 27.1 b,GJ 27.1,1,1,15.819,0.101,0.0409,0.53,2019-10-04
GJ 273 b,GJ 273,1,2,18.6498,0.091101,0.00909,0.29,2017-03-29
GJ 273 c,GJ 273,1,2,4.7234,0.036467,0.00371,0.29,2017-03-29
GJ 3021 b,GJ 3021,2,1,133.71,0.49,3.37,0.9,2014-05-14
GJ 3082 b,GJ 3082,1,1,11.949,0.079,0.0258,0.47,2020-02-06
GJ 3090 b,GJ 3090,1,1,2.8531054,0.03165,0.01051,0.52,2023-11-28
GJ 3138 b,GJ 3138,1,3,1.22003,0.0197,0.0056,0.68,2017-03-29
GJ 3138 c,GJ 3138,1,3,5.974,0.057,0.01315,0.68,2017-03-29
GJ 3138 d,GJ 3138,1,3,257.8,0.698,0.03304,0.68,2017-03-29
GJ 317 b,GJ 317,1,2,695.36,1.18,1.853,0.45,2021-09-20
GJ 317 c,GJ 317,1,2,7500.0,5.78,1.673,0.45,2021-09-20
GJ 3222 b,GJ 3222,2,1,10.66669,0.091,0.036,0.89,2023-06-14
GJ 328 b,GJ 328,1,2,3771.0,4.11,2.51,0.65,2023-07-10
GJ 328 c,GJ 328,1,2,241.8,0.657,0.06733,0.65,2023-07-10
GJ 3293 b,GJ 3293,1,4,30.6,0.1434,0.081,0.42,2017-03-29
GJ 3293 c,GJ 3293,1,4,122.6196,0.36175,0.06636,0.42,2017-03-29
GJ 3293 d,GJ 3293,1,4,48.1345,0.19394,0.02391,0.42,2017-03-29
GJ 3293 e,GJ 3293,1,4,13.2543,0.08208,0.01032,0.42,2017-03-29
GJ 3323 b,GJ 3323,1,2,5.3636,0.03282,0.00636,0.16,2017-03-29
GJ 3323 c,GJ 3323,1,2,40.54,0.1264,0.00727,0.16,2017-03-29
GJ 3341 b,GJ 3341,1,1,14.207,0.089,0.0208,0.47,2014-12-03
GJ 338 B b,GJ 338 B,2,1,24.422,0.142,0.03335,0.64,2023-01-18
GJ 3473 c,GJ 3473,2,2,15.509,0.0876,0.02331,0.36,2020-10-16
GJ 3512 b,GJ 3512,1,2,203.69,0.337,0.46,0.12,2022-07-18
GJ 3512 c,GJ 3512,1,2,1599.6,1.292,0.2,0.12,2022-07-18
GJ 357 c,GJ 357,1,3,9.1247,0.061,0.0107,0.34,2019-07-29
GJ 357 d,GJ 357,1,3,55.661,0.204,0.01919,0.34,2019-07-29
GJ 3634 b,GJ 3634,1,1,2.64561,0.0287,0.026,0.45,2014-08-21
GJ 367 b,GJ 367,1,3,0.3219225,0.00709,0.00199,0.46,2023-08-10
GJ 3779 b,GJ 3779,1,1,3.0232,0.026,0.02517,0.27,2018-12-03
GJ 3929 c,GJ 3929,1,2,15.04,0.081,0.01797,0.31,2022-08-01
GJ 393 b,GJ 393,1,1,7.02679,0.05402,0.00538,0.43,2021-07-12
GJ 3942 b,GJ 3942,1,1,6.905,0.0608,0.02246,0.63,2017-12-19
GJ 3988 b,GJ 3988,1,1,6.9442,0.0405,0.01161,0.18,2023-10-21
GJ 3998 b,GJ 3998,1,2,2.64977,0.029,0.00777,0.5,2016-07-26
GJ 3998 c,GJ 3998,1,2,13.74,0.089,0.0197,0.5,2016-07-26
GJ 411 b,GJ 411,1,2,12.9394,0.07879,0.00846,0.39,2022-05-24
GJ 414 A b,GJ 414 A,2,2,51.625,0.2403,0.0322,0.69,2021-09-20
GJ 414 A c,GJ 414 A,2,2,744.7,1.424,0.184,0.69,2021-09-20
GJ 422 b,GJ 422,1,1,20.129,0.111,0.03483,0.35,2020-02-06
GJ 4276 b,GJ 4276,1,1,13.352,0.082,0.05213,0.41,2019-01-22
GJ 433 b,GJ 433,1,3,7.3709,0.058,0.018,0.48,2020-02-06
GJ 433 c,GJ 433,1,3,3400.0,3.6,0.14159,0.48,2020-02-07
GJ 433 d,GJ 433,1,3,36.059,0.178,0.01643,0.48,2020-02-06
GJ 463 b,GJ 463,1,1,3448.0,3.53,1.55,0.49,2023-03-15
GJ 480 b,GJ 480,1,1,9.567,0.068,0.04153,0.45,2020-09-08
GJ 514 b,GJ 514,1,1,140.43,0.422,0.01636,0.51,2022-04-19
GJ 536 b,GJ 536,1,1,8.708,0.067,0.02051,0.51,2017-10-16
GJ 581 b,GJ 581,1,3,5.36879,0.04099,0.0511,0.32,2021-09-20
GJ 581 c,GJ 581,1,3,12.9144,0.07359,0.0159,0.32,2021-09-20
GJ 581 e,GJ 581,1,3,3.153,0.029,0.00521,0.31,2017-10-16
GJ 625 b,GJ 625,1,1,14.628,0.078361,0.00887,0.3,2017-09-27
GJ 649 b,GJ 649,1,1,600.1,1.112,0.258,0.51,2023-07-10
GJ 667 C e,GJ 667 C,3,5,62.24,0.213,0.008,0.33,2014-05-14
GJ 667 C f,GJ 667 C,3,5,39.026,0.156,0.008,0.33,2014-05-14
GJ 667 C g,GJ 667 C,3,5,256.2,0.549,0.014,0.33,2014-05-14
GJ 674 b,GJ 674,1,1,4.6938,0.039,0.035,0.35,2014-05-14
GJ 676 A b,GJ 676 A,2,4,1051.44521,1.735,5.792,0.63,2023-06-12
GJ 676 A c,GJ 676 A,2,4,13921.42302,9.726,13.492,0.63,2023-06-12
GJ 676 A d,GJ 676 A,2,4,3.60076,0.039,0.012,0.63,2023-06-14
GJ 676 A e,GJ 676 A,2,4,35.47358,0.181,0.021,0.63,2023-06-14
GJ 680 b,GJ 680,2,1,17281.66514,10.138,25.1,0.46,2023-06-12
GJ 682 b,GJ 682,1,2,17.478,0.08,0.01384,0.27,2019-10-04
GJ 682 c,GJ 682,1,2,57.32,0.176,0.02737,0.27,2019-10-04
GJ 685 b,GJ 685,1,1,24.16,0.1344,0.02832,0.55,2019-04-08
GJ 687 b,GJ 687,1,2,38.152,0.1658,0.0553,0.42,2021-09-20
GJ 687 c,GJ 687,1,2,727.562,1.165,0.05034,0.4,2020-09-08
GJ 720 A b,GJ 720 A,2,1,19.466,0.119,0.04292,0.57,2021-07-12
GJ 724 b,GJ 724,1,1,5.101284,0.04685,0.03382,0.53,2023-10-21
GJ 740 b,GJ 740,1,1,2.37756,0.029,0.00931,0.58,2021-03-25
GJ 806 c,GJ 806,1,2,6.64064,0.0523,0.01825,0.41,2023-11-28
GJ 832 b,GJ 832,1,1,3853.0,3.7,0.99,0.45,2023-09-05
GJ 849 b,GJ 849,1,2,1925.31,2.32,0.893,0.45,2023-07-10
GJ 849 c,GJ 849,1,2,5990.0,4.95,0.99,0.45,2023-10-21
GJ 86 b,GJ 86,2,1,15.76491,0.11,4.42,0.93,2018-09-04
GJ 876 b,GJ 876,1,4,61.03474,0.2177,2.115,0.37,2021-09-20
GJ 876 c,GJ 876,1,4,30.22902,0.1363,0.698,0.37,2021-09-20
GJ 876 d,GJ 876,1,4,1.937916,0.02183,0.0184,0.37,2022-05-09
GJ 876 e,GJ 876,1,4,124.4,0.345,0.05664,0.34,2017-10-16
GJ 887 b,GJ 887,1,2,9.262,0.068,0.01321,0.49,2020-07-02
GJ 887 c,GJ 887,1,2,21.789,0.12,0.02391,0.49,2020-07-02
GJ 896 A b,GJ 896 A,2,1,284.39,0.63965,2.26,0.44,2022-09-14
GJ 9066 c,GJ 9066,1,1,771.36,0.88,0.21,0.15,2022-05-03
GJ 9404 b,GJ 9404,1,1,13.4586,0.0943,0.03744,0.62,2023-09-05
GJ 96 b,GJ 96,1,1,73.94,0.291,0.06186,0.6,2018-11-06
GJ 9689 b,GJ 9689,1,1,18.27,0.1139,0.03036,0.59,2021-10-25
GJ 9714 b,GJ 9714,1,1,19240.75467,12.319,9.403,0.67,2023-06-12
GJ 9827 b,GJ 9827,1,3,1.208974,0.0189,0.01347,0.62,2024-03-25
GJ 9827 c,GJ 9827,1,3,3.648103,0.0395,0.00585,0.62,2024-03-25
GJ 9827 d,GJ 9827,1,3,6.201812,0.0563,0.0095,0.62,2024-03-25
Gaia-1 b,Gaia-1,1,1,3.052524,0.04047,1.68,0.95,2022-06-08
Gl 378 b,Gl 378,1,1,3.822,0.039435,0.04097,0.56,2019-03-01
Gl 49 b,Gl 49,2,1,13.8508,0.0905,0.01771,0.52,2019-06-07
Gl 686 b,Gl 686,1,1,15.53209,0.091,0.02234,0.42,2020-12-10
HAT-P-17 c,HAT-P-17,1,2,3972.0,4.67,2.88,0.86,2019-03-18
HAT-P-44 c,HAT-P-44,1,2,872.2,1.752,4.0,0.94,2014-05-14
HAT-P-63 b,HAT-P-63,1,1,3.377728,0.04294,0.614,0.93,2021-07-26
HATS-15 b,HATS-15,1,1,1.74748753,0.02712,2.17,0.87,2016-06-22
HATS-2 b,HATS-2,1,1,1.35413379,0.02317,1.37,0.9,2024-04-10
HATS-37 A b,HATS-37 A,2,1,4.3315366,0.04913,0.099,0.84,2020-08-06
HATS-50 b,HATS-50,1,1,3.8297015,0.05046,0.39,1.17,2018-01-03
HATS-59 c,HATS-59,1,2,1422.0,2.504,12.7,1.04,2018-12-03
HATS-62 b,HATS-62,1,1,3.2768837,0.04163,0.179,0.9,2019-01-15
HATS-8 b,HATS-8,1,1,3.583893,0.04668,0.145,1.06,2019-03-18
HD 100655 b,HD 100655,2,1,157.57001,0.68,1.61,2.28,2018-09-04
HD 100777 b,HD 100777,1,1,383.0,1.06,1.23,1.08,2023-09-05
HD 10180 c,HD 10180,1,6,5.75979,0.0641,0.04122,1.06,2015-06-24
HD 10180 d,HD 10180,1,6,16.3579,0.1286,0.03697,1.06,2015-06-24
HD 10180 e,HD 10180,1,6,49.748,0.2699,0.0805,1.06,2015-06-24
HD 10180 f,HD 10180,1,6,122.744,0.4929,0.0722,1.06,2015-06-24
HD 10180 g,HD 10180,1,6,601.2,1.422,0.0673,1.06,2015-06-24
HD 10180 h,HD 10180,1,6,2222.0,3.4,0.203,1.06,2015-06-24
HD 101930 b,HD 101930,2,1,70.46,0.3,0.25,0.57,2018-09-04
HD 102117 b,HD 102117,1,1,20.8133,0.15,0.17,1.06,2018-09-04
HD 102195 b,HD 102195,1,1,4.079,0.049,0.49,0.92,2022-01-10
HD 102272 b,HD 102272,1,1,127.58,0.51,4.94,1.45,2018-09-04
HD 102329 b,HD 102329,1,2,778.09998,1.81,8.16,3.21,2018-09-04
HD 102365 b,HD 102365,2,1,122.1,0.46,0.05,0.85,2014-05-14
HD 102843 b,HD 102843,1,1,3090.942,4.074,0.35837,0.95,2019-05-20
HD 102956 b,HD 102956,2,1,6.4948,0.08,0.92,1.59,2018-12-03
HD 103197 b,HD 103197,1,1,47.84,0.25,0.09,0.8,2018-09-04
HD 103720 b,HD 103720,1,1,4.5557,0.0498,0.62,0.79,2015-01-08
HD 103774 b,HD 103774,2,1,5.8881,0.07,0.367,1.33,2014-05-14
HD 103891 b,HD 103891,1,1,1894.0,3.255,2.89,1.28,2023-06-12
HD 103949 b,HD 103949,1,1,120.878,0.439,0.03524,0.77,2019-05-20
HD 104067 b,HD 104067,1,2,55.851,0.2674,0.19539,0.82,2024-04-05
HD 104067 c,HD 104067,1,2,13.8992,0.1058,0.04153,0.82,2024-04-05
HD 10442 b,HD 10442,1,1,1043.0,2.335,2.1,1.56,2018-12-03
HD 104985 b,HD 104985,1,1,199.68,0.715,5.559,1.22,2023-09-19
HD 105618 b,HD 105618,1,2,10.02245,0.091,0.08,1.01,2023-06-14
HD 105618 c,HD 105618,1,2,77114.07158,35.731,26.491,1.01,2023-06-12
HD 105779 b,HD 105779,1,1,2412.0,3.38,0.64,0.89,2022-05-09
HD 106252 b,HD 106252,1,1,1535.0,2.655,10.0,1.05,2022-06-27
HD 106270 b,HD 106270,1,1,1890.0,3.347,11.4,1.48,2023-06-12
HD 10647 b,HD 10647,1,1,1003.0,2.03,0.93,1.1,2014-08-21
HD 106515 A b,HD 106515 A,2,1,3586.86089,4.491,9.518,0.93,2023-06-12
HD 10697 b,HD 10697,1,1,1075.5,2.143,6.77,1.13,2023-06-12
HD 107148 b,HD 107148,2,2,77.181,0.3668,0.203,1.11,2021-09-20
HD 107148 c,HD 107148,2,2,18.3267,0.1407,0.0626,1.11,2021-09-20
HD 108147 b,HD 108147,1,1,10.901,0.104,0.4,1.27,2016-01-20
HD 108202 b,HD 108202,1,1,2990.0,3.7,3.0,0.74,2023-09-05
HD 108341 b,HD 108341,2,1,1148.0,2.029,2.25,0.84,2023-06-12
HD 108863 b,HD 108863,1,1,437.7,1.32,2.414,1.59,2018-12-03
HD 108874 b,HD 108874,1,2,395.38,1.052,1.32,1.0,2021-09-20
HD 108874 c,HD 108874,1,2,1743.2,2.83,1.139,1.0,2021-09-20
HD 109246 b,HD 109246,1,1,68.27,0.33,0.86,1.2,2018-09-04
HD 109271 b,HD 109271,1,2,7.8543,0.079,0.054,1.05,2014-05-14
HD 109271 c,HD 109271,1,2,30.93,0.196,0.076,1.05,2014-05-14
HD 109286 b,HD 109286,1,1,520.1,1.259,2.99,0.98,2021-07-26
HD 109749 b,HD 109749,2,1,5.239891,0.0615,0.27,1.13,2018-09-25
HD 10975 b,HD 10975,1,1,283.8,0.95,0.45,1.41,2022-01-10
HD 109988 b,HD 109988,1,1,17132.15854,12.518,21.821,0.88,2023-06-12
HD 110014 b,HD 110014,1,1,936.4,2.5,13.67,2.09,2016-02-24
HD 110067 b,HD 110067,3,6,9.113678,0.0793,0.0179,0.8,2023-12-05
HD 110067 c,HD 110067,3,6,13.673694,0.1039,0.01982,0.8,2023-12-05
HD 110067 d,HD 110067,3,6,20.519617,0.1362,0.02681,0.8,2023-12-05
HD 110067 e,HD 110067,3,6,30.793091,0.1785,0.01227,0.8,2023-12-05
HD 110067 f,HD 110067,3,6,41.05854,0.2163,0.01586,0.8,2023-12-05
HD 110067 g,HD 110067,3,6,54.76992,0.2621,0.02643,0.8,2023-12-05
HD 110537 b,HD 110537,1,1,24469.67342,16.714,27.099,1.02,2023-06-12
HD 11112 b,HD 11112,1,1,17244.90764,13.38,8.176,1.07,2023-06-12
HD 111232 b,HD 111232,1,2,1169.13202,2.148,7.965,0.96,2023-06-12
HD 111232 c,HD 111232,1,2,32100.0,18.8,20.7,0.83,2023-06-12
HD 111591 b,HD 111591,1,1,1056.4,2.5,4.4,1.94,2017-11-28
HD 111998 b,HD 111998,1,1,810.0,1.91,4.8,1.4,2023-09-05
HD 112300 b,HD 112300,1,1,466.63,1.33,15.83,1.4,2023-08-07
HD 112570 b,HD 112570,1,1,2615.0,3.9,3.42,1.15,2023-12-14
HD 112640 b,HD 112640,1,1,613.2,1.7,5.0,1.8,2021-03-25
HD 113337 b,HD 113337,1,2,317.58639,1.022,3.259,1.41,2023-06-14
HD 113337 c,HD 113337,1,2,5429.93477,6.805,19.821,1.41,2023-06-12
HD 11343 c,HIP 8541,2,2,228.53731,0.923,0.804,2.01,2023-06-14
HD 113538 b,HD 113538,1,2,663.2,1.24,0.36,0.58,2015-01-08
HD 113538 c,HD 113538,1,2,1818.0,2.44,0.93,0.58,2015-01-08
HD 113996 b,HD 113996,2,1,610.2,1.6,6.3,1.49,2017-11-28
HD 114082 b,HD 114082,1,1,109.75,0.5109,8.0,1.47,2022-11-29
HD 114386 b,HD 114386,1,1,937.70001,1.73,1.14,0.6,2018-09-04
HD 114613 b,HD 114613,1,1,3827.0,5.16,0.48,1.36,2018-12-03
HD 114729 b,HD 114729,2,1,1132.7,2.094,0.892,0.96,2021-09-20
HD 114783 b,HD 114783,1,2,492.56,1.164,1.033,0.87,2021-09-20
HD 114783 c,HD 114783,1,2,4352.0,5.0,1.9,0.9,2023-09-05
HD 11505 b,HD 11505,1,1,32669.22247,20.247,7.899,1.03,2023-06-12
HD 11506 b,HD 11506,1,3,1613.74017,2.8,4.88,1.12,2023-06-12
HD 11506 c,HD 11506,1,3,223.95986,0.75,0.369,1.12,2023-06-14
HD 11506 d,HD 11506,1,3,14723.57452,12.235,7.383,1.12,2023-06-12
HD 115404 A b,HD 115404 A,1,2,10.49488,0.088,0.097,0.83,2023-06-14
HD 115404 A c,HD 115404 A,1,2,15319.22517,11.364,10.319,0.83,2023-06-12
HD 115954 b,HD 115954,1,1,3230.0,4.53,8.45,1.18,2023-06-12
HD 116029 b,HD 116029,2,2,670.0,1.65,1.4,0.83,2018-09-04
HD 117207 b,HD 117207,1,1,2606.0,3.773,2.106,1.05,2023-06-12
HD 11755 b,HD 11755,1,1,433.70001,1.09,5.63,0.72,2018-09-04
HD 117618 b,HD 117618,1,1,25.8,0.17,0.16,1.05,2019-03-11
HD 118203 b,HD 118203,1,1,6.1349847,0.08635,2.282,1.35,2024-02-05
HD 11964 b,HD 11964,2,2,1935.0,3.185,0.631,1.15,2021-09-20
HD 11964 c,HD 11964,2,2,37.9196,0.2315,0.0766,1.15,2021-09-20
HD 11977 b,HD 11977,1,1,711.0,1.93,6.54,1.91,2019-01-28
HD 120084 b,HD 120084,1,1,2142.0,4.21,6.4,2.16,2023-09-19
HD 121504 b,HD 121504,1,1,63.33,0.33,1.22,1.18,2019-01-28
HD 12235 b,HD 12235,1,2,4.36305,0.054,0.033,1.1,2023-06-14
HD 12235 c,HD 12235,1,2,36336.70679,22.21,9.866,1.1,2023-06-12
HD 122562 c,HD 122562,1,1,84.96276,0.406,0.23,1.24,2023-06-14
HD 124330 b,HD 124330,1,1,270.66,0.86,0.75,1.15,2021-05-28
HD 12484 b,HD 12484,1,1,58.83,0.297,2.98,1.01,2016-02-24
HD 125271 b,HD 125271,1,1,14901.99295,10.817,10.904,0.75,2023-06-12
HD 125390 b,HD 125390,1,1,1758.0,3.184,34.0,1.6,2023-06-12
HD 125595 b,HD 125595,1,1,9.6737,0.08,0.02,0.29,2018-09-04
HD 125612 b,HD 125612,2,3,557.69994,1.349,2.974,1.05,2023-06-14
HD 125612 c,HD 125612,2,3,4.15466,0.051,0.049,1.05,2023-06-14
HD 125612 d,HD 125612,2,3,2822.72698,3.982,7.178,1.05,2023-06-12
HD 12648 b,HD 12648,1,1,133.60001,0.54,1.96,0.67,2018-09-04
HD 126525 b,HD 126525,1,1,960.41,1.837,0.237,0.9,2019-06-24
HD 12661 b,HD 12661,1,2,262.36,0.824,2.283,1.08,2021-09-20
HD 12661 c,HD 12661,1,2,1696.7,2.861,1.855,1.08,2021-09-20
HD 126614 b,HD 126614,3,1,1257.25303,2.249,0.339,0.96,2023-06-12
HD 127506 b,HD 127506,1,1,65.78395,0.287,0.086,0.73,2023-06-14
HD 128311 b,HD 128311,1,2,453.28,1.088,2.0,0.84,2021-09-20
HD 128311 c,HD 128311,1,2,917.5,1.742,3.25,0.84,2021-09-20
HD 128356 b,HD 128356,1,1,298.2,0.87,0.89,0.65,2016-11-09
HD 129445 b,HD 129445,1,1,1802.0,2.984,2.51,1.09,2023-06-12
HD 130322 b,HD 130322,1,1,10.721,0.09,1.09,0.85,2022-01-10
HD 131496 b,HD 131496,1,1,896.0,2.01,1.8,1.34,2018-12-03
HD 13167 b,HD 13167,1,1,2613.0,4.1,3.31,1.35,2018-12-03
HD 13189 b,HD 13189,1,1,471.60001,1.25,10.95,2.24,2018-09-04
HD 132406 b,HD 132406,1,1,964.0,1.969,6.2,1.09,2023-06-12
HD 132563 b,HD 132563,3,1,1544.0,2.62,1.49,1.23,2019-01-28
HD 133131 A b,HD 133131 A,2,3,649.0,1.44,1.42,0.95,2016-09-06
HD 133131 A c,HD 133131 A,2,3,3568.0,4.49,0.42,0.95,2016-09-06
HD 133131 B b,HD 133131 B,2,3,5769.0,6.15,2.5,0.93,2016-09-06
HD 134060 b,HD 134060,1,2,3.2696,0.0444,0.0318,1.09,2019-02-05
HD 134060 c,HD 134060,1,2,1291.5646,2.3928,0.0922,1.09,2019-02-05
HD 134606 b,HD 134606,1,5,12.089,0.1046,0.0286,1.05,2024-02-16
HD 134606 c,HD 134606,1,5,58.883,0.3007,0.03559,1.05,2024-02-16
HD 134606 d,HD 134606,1,5,966.5,1.941,0.14096,1.05,2024-02-16
HD 134606 e,HD 134606,1,5,4.3203,0.0527,0.00736,1.05,2024-02-21
HD 134606 f,HD 134606,1,5,26.915,0.1784,0.01771,1.05,2024-02-16
HD 134987 b,HD 134987,1,2,258.251,0.818,1.624,1.09,2021-09-20
HD 134987 c,HD 134987,1,2,5960.0,6.62,0.935,1.09,2021-09-20
HD 135625 b,HD 135625,1,1,4055.0,5.4,2.3,1.28,2023-09-05
HD 135872 b,HD 135872,1,1,2422.32597,4.172,5.489,1.65,2023-06-12
HD 136118 b,HD 136118,1,1,1187.59765,2.327,13.102,1.18,2023-06-12
HD 136418 b,HD 136418,1,1,464.29999,1.29,2.14,1.48,2018-09-04
HD 136925 b,HD 136925,1,1,4540.0,5.13,0.84,0.88,2021-09-20
HD 13724 c,HD 13724,1,1,142.22895,0.534,0.16,1.0,2023-06-14
HD 137388 b,HD 137388,1,1,330.0,0.89,0.2,0.68,2018-09-04
HD 137496 b,HD 137496,1,2,1.62116,0.02732,0.01271,1.04,2021-11-18
HD 137496 c,HD 137496,1,2,479.9,1.2163,7.66,1.04,2021-11-18
HD 13808 b,HD 13808,1,2,14.1815,0.10519,0.03524,0.77,2021-02-25
HD 13808 c,HD 13808,1,2,53.753,0.2554,0.03134,0.77,2021-02-25
HD 13908 b,HD 13908,1,2,19.382,0.154,0.865,1.29,2014-05-14
HD 13908 c,HD 13908,1,2,931.0,2.03,5.13,1.29,2014-05-14
HD 13931 b,HD 13931,1,1,4449.0,5.338,2.8,1.02,2023-06-12
HD 139357 b,HD 139357,1,1,1124.79139,2.949,19.871,2.69,2023-06-12
HD 14067 b,HD 14067,1,1,2744.0,5.15,15.3,2.4,2023-09-20
HD 140901 b,HD 140901,1,2,9.02378,0.085,0.049,0.99,2023-06-14
HD 140901 c,HD 140901,1,2,14386.0,11.8,1.8,1.06,2023-10-09
HD 141004 b,HD 141004,1,1,15.5083,0.1238,0.0429,1.05,2021-09-20
HD 141399 b,HD 141399,1,4,94.375,0.4176,0.452,1.09,2021-09-20
HD 141399 c,HD 141399,1,4,201.776,0.693,1.329,1.09,2021-09-20
HD 141399 d,HD 141399,1,4,1074.8,2.114,1.263,1.09,2021-09-20
HD 141399 e,HD 141399,1,4,3336.0,4.5,0.644,1.09,2021-09-20
HD 141937 b,HD 141937,1,1,653.22,1.52,9.7,1.1,2022-12-17
HD 142 A d,HD 142,2,3,108.45299,0.474,0.26,1.21,2023-06-14
HD 142 b,HD 142,2,3,351.43394,1.039,1.249,1.21,2023-06-14
HD 142 c,HD 142,2,3,10159.64279,9.811,10.901,1.21,2023-06-12
HD 142022 A b,HD 142022 A,2,1,1935.0,2.939,4.51,0.98,2023-06-12
HD 142245 b,HD 142245,3,1,1299.0,2.78,3.07,3.5,2018-09-04
HD 142415 b,HD 142415,1,1,386.3,1.05,1.62,1.03,2019-01-28
HD 143105 b,HD 143105,1,1,2.1974,0.0379,1.21,1.51,2016-02-24
HD 143361 b,HD 143361,1,1,1040.0,2.05,4.9,1.06,2023-09-05
HD 144899 b,HD 144899,1,1,40.43914,0.242,0.064,1.16,2023-06-14
HD 145377 b,HD 145377,1,1,103.95,0.45,6.02,1.2,2018-09-04
HD 145457 b,HD 145457,1,1,176.13,0.762,2.794,1.9,2023-09-19
HD 145675 c,14 Her,1,2,15732.45889,11.924,5.025,0.91,2023-06-12
HD 145934 b,HD 145934,1,1,2751.53433,4.89,2.072,2.06,2023-06-12
HD 1461 b,HD 1461,1,2,5.77142,0.0636,0.0208,1.03,2021-09-20
HD 1461 c,HD 1461,1,2,13.504,0.1121,0.0222,1.03,2021-09-20
HD 147018 b,HD 147018,1,2,44.236,0.2388,2.12,0.93,2019-01-28
HD 147018 c,HD 147018,1,2,1008.0,1.922,6.56,0.93,2019-01-28
HD 147513 b,HD 147513,2,1,528.4,1.32,1.21,1.11,2019-01-28
HD 14787 b,HD 14787,1,1,676.6,1.7,1.121,1.43,2018-12-03
HD 147873 b,HD 147873,2,2,116.596,0.522,5.14,1.38,2016-11-09
HD 147873 c,HD 147873,2,2,491.54,1.36,2.3,1.38,2016-11-09
HD 148156 b,HD 148156,1,1,1027.0,2.45,0.85,1.22,2019-01-28
HD 148164 b,HD 148164,1,2,328.55,0.993,1.23,1.21,2018-09-25
HD 148164 c,HD 148164,1,2,5062.0,6.15,5.16,1.21,2018-09-25
HD 148427 b,HD 148427,1,1,331.5,1.04,1.3,1.64,2018-09-04
HD 149143 b,HD 149143,1,1,4.072,0.05,1.69,1.73,2018-09-25
HD 149806 b,HD 149806,1,1,16521.52778,12.404,12.597,0.93,2023-06-12
HD 150010 b,HD 150010,1,1,562.0,1.4,2.4,1.3,2022-06-27
HD 1502 b,HD 1502,1,1,431.8,1.31,3.1,1.61,2018-12-03
HD 150706 b,HD 150706,1,1,13100.0,11.5,2.43,1.17,2023-06-12
HD 151450 b,HD 151450,1,2,21.89288,0.16,0.121,1.14,2023-06-14
HD 151450 c,HD 151450,1,2,18144.76236,14.131,5.148,1.14,2023-06-12
HD 152079 b,HD 152079,1,1,2899.0,3.98,2.18,1.1,2019-06-24
HD 152581 b,HD 152581,1,1,686.5,1.66,1.869,1.3,2018-12-03
HD 153557 b,HD 153557,1,3,7.29903,0.068,0.064,0.79,2023-06-14
HD 153557 c,HD 153557,1,3,15.27018,0.111,0.055,0.79,2023-06-14
HD 153557 d,HD 153557,1,3,40654.64809,21.449,27.454,0.79,2023-06-12
HD 153950 b,HD 153950,1,1,499.39999,1.28,2.95,1.25,2018-09-04
HD 154088 b,HD 154088,1,1,18.56,0.134,0.02077,0.91,2021-11-02
HD 154345 b,HD 154345,1,1,3340.0,4.2,1.19,0.88,2023-06-12
HD 154391 b,HD 154391,1,1,5163.0,7.46,9.1,2.07,2023-12-14
HD 154672 b,HD 154672,1,1,163.94,0.6,5.37,1.18,2018-09-04
HD 154857 b,HD 154857,1,2,408.60001,1.29,2.45,1.96,2018-09-04
HD 154857 c,HD 154857,1,2,3452.0,5.36,2.58,1.72,2014-05-14
HD 155193 b,HD 155193,1,1,352.65,1.04,0.75,1.22,2021-05-28
HD 155358 b,HD 155358,1,2,194.3,0.64,0.85,0.92,2019-01-28
HD 155358 c,HD 155358,1,2,391.9,1.02,0.82,0.92,2019-01-28
HD 155918 b,HD 155918,1,2,1.87567,0.03,0.024,1.03,2023-06-14
HD 155918 c,HD 155918,1,2,17202.19446,13.183,5.909,1.03,2023-06-12
HD 156098 b,HD 156098,1,2,21.85849,0.167,0.05,1.29,2023-06-14
HD 156098 c,HD 156098,1,2,7841.5839,8.415,5.228,1.29,2023-06-12
HD 156279 b,HD 156279,1,2,133.40355,0.502,9.432,0.94,2023-06-14
HD 156279 c,HD 156279,1,2,4818.25358,5.486,9.75,0.94,2023-06-12
HD 156411 b,HD 156411,1,1,842.2,1.88,0.74,1.25,2014-06-25
HD 156668 b,HD 156668,1,2,4.64275,0.05024,0.0158,0.79,2021-09-20
HD 156668 c,HD 156668,1,2,811.3,1.57,0.0991,0.79,2021-09-20
HD 156846 b,HD 156846,2,1,359.51001,1.12,10.67,1.38,2018-09-04
HD 158038 b,HD 158038,1,1,521.0,1.5,1.53,1.3,2018-09-04
HD 158996 b,HD 158996,1,1,820.2,2.1,14.0,1.8,2018-04-09
HD 159243 b,HD 159243,1,2,12.62,0.11,1.13,1.12,2014-05-14
HD 159243 c,HD 159243,1,2,248.4,0.8,1.9,1.12,2014-05-14
HD 159868 b,HD 159868,1,2,1178.4,2.25,2.1,1.09,2018-12-03
HD 159868 c,HD 159868,1,2,351.0,1.032,0.768,1.19,2018-12-03
HD 1605 b,HD 1605,1,2,577.2,1.492,0.934,1.33,2018-09-25
HD 1605 c,HD 1605,1,2,2111.0,3.52,3.48,1.31,2018-09-25
HD 161178 b,HD 161178,1,1,279.3,0.85,0.57,1.06,2022-01-10
HD 16141 b,HD 16141,2,1,75.455,0.3609,0.25,1.1,2021-09-20
HD 16175 b,HD 16175,1,1,981.1,2.13,5.9,1.34,2023-06-12
HD 162020 b,HD 162020,1,1,8.428198,0.074,14.4,0.75,2022-12-17
HD 163607 b,HD 163607,1,2,75.195,0.362,0.79,1.12,2018-12-03
HD 163607 c,HD 163607,1,2,1314.0,2.42,2.29,1.09,2018-12-03
HD 16417 b,HD 16417,2,1,17.24,0.14,0.0696,1.2,2019-01-28
HD 164509 b,HD 164509,2,1,282.4,0.875,0.48,1.13,2018-09-25
HD 164595 b,HD 164595,2,1,40.0,0.23,0.05078,0.99,2015-09-08
HD 164604 b,HD 164604,1,1,641.472,1.331,1.99792,0.77,2019-05-20
HD 164922 b,HD 164922,1,4,1198.5,2.149,0.344,0.92,2021-09-20
HD 164922 c,HD 164922,1,4,75.817,0.3411,0.0451,0.92,2021-09-20
HD 164922 d,HD 164922,1,4,12.4584,0.1023,0.0149,0.92,2021-09-20
HD 164922 e,HD 164922,1,4,41.763,0.2292,0.0331,0.92,2021-09-20
HD 165131 b,HD 165131,1,1,2343.0,3.59,19.0,1.1,2023-09-05
HD 165155 b,HD 165155,1,1,434.5,1.13,2.89,1.02,2016-11-09
HD 1666 b,HD 1666,1,1,270.0,0.94,6.43,1.5,2015-04-01
HD 166724 b,HD 166724,1,1,4750.0,5.17,3.8,0.81,2023-06-12
HD 167042 b,HD 167042,1,1,417.67,1.22,1.397,1.39,2023-09-19
HD 167677 b,HD 167677,1,1,1804.0,2.9,3.7,1.0,2023-09-05
HD 167768 b,HD 167768,1,1,20.6532,0.1512,0.85,1.08,2022-11-29
HD 168009 b,HD 168009,1,1,15.1479,0.1192,0.03,0.99,2021-09-20
HD 168443 b,HD 168443,1,2,58.11187,0.292,7.628,0.98,2023-06-14
HD 168443 c,HD 168443,1,2,1753.1096,2.842,17.306,0.98,2023-06-12
HD 168746 b,HD 168746,1,1,6.4045,0.06504,0.2294,0.89,2021-09-20
HD 168863 b,HD 168863,1,1,14773.93272,10.961,6.78,0.8,2023-06-12
HD 1690 b,HD 1690,1,1,533.0,1.3,6.1,1.09,2019-01-28
HD 16905 b,HD 16905,1,1,10256.0,8.8,11.3,0.85,2023-09-05
HD 169830 b,HD 169830,1,2,225.67372,0.765,2.531,1.17,2023-06-14
HD 169830 c,HD 169830,1,2,1832.0,3.29,8.9,1.4,2023-09-05
HD 170469 b,HD 170469,2,1,1130.0,2.213,0.555,1.13,2021-09-20
HD 17092 b,HD 17092,1,1,359.89999,1.31,10.13,6.73,2018-09-04
HD 171028 b,HD 171028,1,1,550.0,1.32,2.62,1.53,2018-09-04
HD 171238 b,HD 171238,1,1,1515.0,2.518,8.8,0.92,2022-06-27
HD 173416 b,HD 173416,1,1,322.03,1.158,1.841,2.0,2023-09-19
HD 174205 b,HD 174205,1,1,582.0,1.7,4.2,1.8,2022-06-27
HD 175167 b,HD 175167,1,1,1289.0,2.438,9.8,1.17,2023-06-12
HD 175541 b,HD 175541,1,1,299.05,0.99,0.577,1.45,2021-09-20
HD 17674 b,HD 17674,1,1,623.8,1.42,0.87,0.98,2017-03-02
HD 176986 b,HD 176986,1,2,6.4898,0.06296,0.01806,0.79,2017-12-19
HD 176986 c,HD 176986,1,2,16.8191,0.11878,0.02888,0.79,2017-12-19
HD 177565 b,HD 177565,1,1,44.505,0.246,0.04751,1.0,2017-06-13
HD 177830 b,HD 177830,2,2,407.37,1.18,1.348,1.32,2021-09-20
HD 177830 c,HD 177830,2,2,111.163,0.496,0.104,1.32,2021-09-20
HD 178911 B b,HD 178911 B,3,1,71.479,0.3399,7.07,1.03,2021-09-20
HD 179079 b,HD 179079,1,1,14.476,0.1216,0.0866,1.15,2018-09-25
HD 179949 b,HD 179949,1,1,3.092535,0.04439,0.967,1.22,2022-05-09
HD 180053 b,HD 180053,1,1,213.72,0.843,2.194,1.75,2018-12-03
HD 18015 b,HD 18015,1,1,2240.0,3.82,3.3,1.5,2023-06-12
HD 180314 b,HD 180314,1,1,394.73,1.448,22.707,2.6,2023-09-19
HD 180617 b,HD 180617,2,1,105.9,0.3357,0.03839,0.45,2020-12-10
HD 180902 b,HD 180902,2,1,510.9,1.4,1.685,1.41,2018-12-03
HD 181234 b,HD 181234,1,1,7450.0,7.52,10.13,1.01,2023-06-12
HD 181342 b,HD 181342,1,1,562.1,1.65,2.9,1.89,2018-12-03
HD 18143 b,HD 18143,1,2,10.2851,0.088,0.034,0.85,2023-06-14
HD 18143 c,HD 18143,1,2,28982.41764,17.53,9.998,0.85,2023-06-12
HD 181433 b,HD 181433,1,3,9.3745,0.0801,0.0223,0.78,2021-08-03
HD 181433 c,HD 181433,1,3,1014.5,1.819,0.674,0.78,2021-08-03
HD 181433 d,HD 181433,1,3,7012.0,6.6,0.612,0.78,2021-08-03
HD 181720 b,HD 181720,1,1,956.0,1.85,0.4,1.03,2018-09-04
HD 183263 b,HD 183263,1,2,624.87404,1.46,3.471,1.06,2023-06-14
HD 183263 c,HD 183263,1,2,4667.97841,5.585,9.31,1.06,2023-06-12
HD 184010 b,HD 184010,1,3,286.6,0.94,0.31,1.35,2022-10-10
HD 184010 c,HD 184010,1,3,484.3,1.334,0.3,1.35,2022-10-10
HD 184010 d,HD 184010,1,3,836.4,1.92,0.45,1.35,2022-10-10
HD 18438 b,HD 18438,1,1,803.0,2.1,21.0,1.84,2023-03-28
HD 185269 b,HD 185269,3,1,6.838,0.077,0.94,1.28,2018-12-03
HD 185283 b,HD 185283,1,1,4060.0,4.6,1.3,0.8,2023-09-05
HD 18599 b,HD 18599,2,1,4.137437,0.05,0.08023,0.81,2022-11-07
HD 187085 b,HD 187085,1,1,986.0,2.05,0.75,1.22,2019-06-24
HD 187123 b,HD 187123,1,2,3.0965971,0.04186,0.501,1.02,2022-05-09
HD 187123 c,HD 187123,1,2,3374.0,4.432,1.713,1.02,2021-09-20
HD 18742 b,HD 18742,1,1,766.0,1.82,3.4,1.36,2018-12-03
HD 188015 b,HD 188015,2,1,462.59,1.187,1.454,1.04,2021-09-20
HD 188641 b,HD 188641,1,1,14583.81038,12.027,29.365,1.07,2023-06-12
HD 189567 b,HD 189567,1,2,14.288,0.111,0.02674,0.83,2021-11-02
HD 189567 c,HD 189567,1,2,33.688,0.197,0.02202,0.83,2021-11-04
HD 190228 b,HD 190228,1,1,1143.59858,2.406,5.03,1.42,2023-06-12
HD 190360 b,HD 190360,2,2,2854.0,3.9,1.8,1.0,2022-09-19
HD 190360 c,HD 190360,2,2,17.11704,0.1294,0.0675,0.99,2021-09-20
HD 190647 b,HD 190647,1,1,1038.09998,2.07,1.94,1.14,2019-06-24
HD 190984 b,HD 190984,1,1,9970.0,8.8,3.58,0.91,2023-06-12
HD 191806 b,HD 191806,1,1,1604.0,2.81,10.13,1.14,2023-06-12
HD 191939 e,HD 191939,1,6,101.12,0.407,0.35302,0.81,2022-11-14
HD 191939 f,HD 191939,1,6,2200.0,3.2,2.07659,0.81,2022-11-14
HD 191939 g,HD 191939,1,6,284.0,0.812,0.04248,0.81,2022-11-14
HD 192263 b,HD 192263,1,1,23.646,0.146,0.63,0.74,2022-01-10
HD 192310 b,HD 192310,1,2,74.062,0.3262,0.0451,0.84,2021-09-20
HD 192310 c,HD 192310,1,2,525.8,1.18,0.076,0.8,2015-07-01
HD 192699 b,HD 192699,1,1,345.53,1.12,2.32,1.61,2018-12-03
HD 194490 b,HD 194490,1,1,13092.18348,11.116,11.207,1.06,2023-06-12
HD 195019 b,HD 195019,2,1,18.201228,0.1376,3.655,1.05,2022-05-09
HD 196050 b,HD 196050,3,1,1392.0,2.65,4.7,1.27,2023-09-05
HD 196067 b,HD 196067,2,1,3609.0,5.1,12.5,1.26,2022-06-27
HD 19615 b,HD 19615,1,1,402.0,1.1,8.5,1.1,2022-06-27
HD 196885 A b,HD 196885 A,2,1,1325.8575,2.6,2.98,1.18,2016-02-24
HD 197037 b,HD 197037,2,1,1035.7,2.07,0.79,1.11,2019-01-28
HD 199509 b,HD 199509,1,1,99.62167,0.426,0.136,1.04,2023-06-14
HD 19994 b,HD 19994,3,1,535.7,1.42,1.68,1.34,2015-04-24
HD 20003 b,HD 20003,1,2,11.8482,0.0974,0.0367,0.88,2019-02-05
HD 20003 c,HD 20003,1,2,33.9239,0.1964,0.0454,0.88,2019-02-05
HD 200964 b,HD 200964,1,2,613.8,1.601,1.85,1.44,2018-12-03
HD 200964 c,HD 200964,1,2,825.0,1.95,0.895,1.44,2018-12-03
HD 202206 c,HD 202206,2,1,1260.0,2.41,17.9,1.07,2018-05-22
HD 202696 b,HD 202696,1,2,517.8,1.566,1.996,1.91,2019-01-14
HD 202696 c,HD 202696,1,2,946.6,2.342,1.864,1.91,2019-01-14
HD 203387 b,HD 203387,1,2,512.5352,1.771,3.48,2.82,2023-06-14
HD 203387 c,HD 203387,1,2,2481.07227,5.067,7.485,2.82,2023-06-12
HD 2039 b,HD 2039,1,1,1120.0,2.2,6.29,1.23,2018-09-04
HD 204313 b,HD 204313,1,3,2050.0,3.208,4.96,1.04,2023-06-12
HD 204313 c,HD 204313,1,3,34.95875,0.211,0.054,1.03,2023-06-14
HD 204313 e,HD 204313,1,3,7325.64666,7.457,15.317,1.03,2023-06-12
HD 204941 b,HD 204941,2,1,1733.0,2.55,0.23,0.58,2018-09-04
HD 205158 b,HD 205158,1,1,25.33798,0.177,0.392,1.16,2023-06-14
HD 205739 b,HD 205739,1,1,279.8,0.896,1.37,1.22,2014-09-25
HD 206255 b,HD 206255,1,1,96.045,0.461,0.1076,1.42,2019-05-20
HD 206610 b,HD 206610,1,1,673.2,1.74,2.036,1.55,2018-12-03
HD 206893 b,HD 206893,1,2,9350.0,9.6,28.0,1.32,2022-12-05
HD 206893 c,HD 206893,1,2,2090.0,3.53,12.7,1.32,2022-12-05
HD 20781 b,HD 20781,2,5,5.3135,0.0529,0.0061,0.7,2019-02-05
HD 20781 c,HD 20781,2,5,13.8905,0.1004,0.0168,0.7,2019-02-05
HD 20781 d,HD 20781,2,5,29.158,0.1647,0.0334,0.7,2019-02-05
HD 20781 e,HD 20781,2,5,85.5073,0.3374,0.0442,0.7,2019-02-05
HD 20782 b,HD 20782,2,5,597.065,1.397,1.43,1.02,2019-02-05
HD 207832 b,HD 207832,3,2,161.97,0.57,0.56,0.94,2018-09-25
HD 207832 c,HD 207832,3,2,1155.7,2.112,0.73,0.94,2015-09-08
HD 20794 b,HD 20794,1,4,18.33,0.127,0.00887,0.81,2017-06-06
HD 20794 c,HD 20794,1,4,43.17,0.225,0.00793,0.81,2017-06-06
HD 20794 d,HD 20794,1,4,88.9,0.364,0.01108,0.81,2017-06-06
HD 20794 e,HD 20794,1,4,147.02,0.509,0.01501,0.81,2017-06-06
HD 208487 b,HD 208487,1,1,129.97,0.51,0.48,1.05,2015-03-26
HD 208527 b,HD 208527,1,1,875.5,2.1,9.9,1.6,2014-05-14
HD 20868 b,HD 20868,1,1,380.85001,0.95,1.25,0.39,2018-09-04
HD 208897 b,HD 208897,1,1,358.27,1.063,1.194,1.25,2023-09-19
HD 210193 b,HD 210193,1,1,649.918,1.487,0.4817,1.04,2019-05-20
HD 210277 b,HD 210277,1,1,442.943,1.123,1.236,0.96,2021-09-20
HD 210702 b,HD 210702,1,1,355.5,1.079,1.515,1.33,2023-09-19
HD 211403 b,HD 211403,1,1,223.8,0.768,5.54,1.2,2021-10-19
HD 211810 b,HD 211810,1,1,1558.0,2.656,0.67,1.03,2018-09-25
HD 211970 b,HD 211970,1,1,25.201,0.143,0.0409,0.61,2019-05-20
HD 212301 b,HD 212301,2,1,2.24571,0.03,0.51,1.55,2018-09-04
HD 212771 b,HD 212771,1,1,373.3,1.22,2.3,1.15,2018-12-03
HD 213240 b,HD 213240,2,1,879.19,1.92,5.21,1.22,2023-06-12
HD 213472 b,HD 213472,1,1,17000.0,13.0,3.5,1.05,2021-09-20
HD 213519 b,HD 213519,1,1,11.12214,0.099,0.029,1.05,2023-06-14
HD 213885 c,HD 213885,1,2,4.78503,0.056798,0.06277,1.07,2019-12-02
HD 21411 b,HD 21411,1,1,84.288,0.362,0.20734,0.89,2019-05-20
HD 214823 b,HD 214823,2,1,1854.6,3.17,20.3,1.22,2023-06-12
HD 215152 b,HD 215152,1,4,5.75999,0.057638,0.00572,0.77,2018-02-20
HD 215152 c,HD 215152,1,4,7.28243,0.067393,0.00541,0.77,2018-02-20
HD 215152 d,HD 215152,1,4,10.86499,0.08799,0.00881,0.77,2018-02-20
HD 215152 e,HD 215152,1,4,25.1967,0.15417,0.00905,0.77,2018-02-20
HD 215497 b,HD 215497,1,2,3.93404,0.05,0.02,0.67,2018-09-04
HD 215497 c,HD 215497,1,2,566.0,1.31,0.35,0.92,2023-09-05
HD 216435 b,HD 216435,1,1,1391.0,2.5,1.26,1.25,2014-08-21
HD 216437 b,HD 216437,1,1,1359.0,2.57,4.2,1.22,2023-09-05
HD 216520 b,HD 216520,1,2,35.466,0.1954,0.0326,0.79,2021-09-20
HD 216520 c,HD 216520,1,2,154.43,0.528,0.0297,0.82,2020-12-10
HD 216536 b,HD 216536,1,1,148.60001,0.61,1.05,0.81,2018-09-04
HD 216770 b,HD 216770,1,1,118.45,0.46,0.57,0.74,2018-09-04
HD 21693 b,HD 21693,1,2,22.6786,0.1455,0.0259,0.8,2019-02-05
HD 21693 c,HD 21693,1,2,53.7357,0.2586,0.0547,0.8,2019-02-05
HD 217107 b,HD 217107,1,2,7.1268744,0.0739,1.385,1.06,2022-05-09
HD 217107 c,HD 217107,1,2,5141.0,5.942,4.31,1.06,2021-09-20
HD 217786 b,HD 217786,2,2,1302.1,2.372,28.9,1.02,2023-06-12
HD 217786 c,HD 217786,2,2,2.52221,0.038,0.023,1.14,2023-06-14
HD 217958 b,HD 217958,1,1,2560.19774,3.758,0.524,1.08,2023-06-12
HD 218566 b,HD 218566,1,1,225.17,0.6875,0.198,0.86,2021-09-20
HD 219077 b,HD 219077,1,1,5478.68861,5.935,9.62,0.92,2023-06-12
HD 219134 d,HD 219134,1,6,46.734,0.2345,0.0516,0.79,2021-09-20
HD 219134 f,HD 219134,1,6,22.7945,0.1453,0.0243,0.79,2021-09-20
HD 219134 g,HD 219134,1,6,94.2,0.3753,0.034,0.79,2015-11-18
HD 219134 h,HD 219134,1,6,2104.0,2.968,0.308,0.79,2021-09-20
HD 219139 b,HD 219139,1,1,275.5,0.94,0.78,1.46,2022-01-10
HD 219415 b,HD 219415,1,1,2093.3,3.2,1.0,1.0,2015-09-16
HD 219828 b,HD 219828,1,2,3.83483,0.049,0.06,1.04,2023-06-14
HD 219828 c,HD 219828,1,2,4789.87297,5.657,16.054,1.04,2023-06-12
HD 220074 b,HD 220074,1,1,672.09998,1.6,16.64,2.2,2018-09-04
HD 220197 b,HD 220197,1,1,1728.0,2.729,0.2,0.91,2019-11-18
HD 220689 b,HD 220689,1,1,2280.0,3.433,1.2,1.04,2023-06-12
HD 220773 b,HD 220773,1,1,3724.7,4.94,1.45,1.16,2019-01-28
HD 220842 b,HD 220842,2,1,218.47,0.74,3.18,1.13,2016-02-24
HD 221287 b,HD 221287,1,1,456.1,1.25,3.09,1.25,2014-05-14
HD 221420 b,HD 221420,1,1,10066.0,10.1,22.0,1.34,2023-09-05
HD 221585 b,HD 221585,1,1,1173.0,2.306,1.61,1.19,2016-05-18
HD 222076 b,HD 222076,1,1,871.0,1.83,1.56,1.07,2016-11-30
HD 222155 b,HD 222155,1,1,3270.0,4.48,1.83,1.13,2023-06-12
HD 222582 b,HD 222582,2,1,572.537,1.335,7.88,0.97,2021-09-20
HD 224538 b,HD 224538,1,1,1202.05199,2.375,6.531,1.23,2023-06-12
HD 224693 b,HD 224693,1,1,26.6904,0.191,0.7,1.31,2018-09-25
HD 22496 b,HD 22496,1,1,5.09071,0.051,0.01753,0.68,2021-09-20
HD 22532 b,HD 22532,1,1,872.6,1.9,2.12,1.57,2022-02-01
HD 22781 b,HD 22781,1,1,528.07,1.167,13.65,0.75,2019-01-28
HD 22946 d,HD 22946,1,3,47.42489,0.2958,0.0836,1.1,2023-07-10
HD 23079 b,HD 23079,1,1,730.59998,1.6,2.61,1.12,2018-09-04
HD 23127 b,HD 23127,1,1,1214.0,2.4,1.5,1.13,2019-06-24
HD 231701 b,HD 231701,1,1,141.60001,0.56,1.31,1.52,2018-09-25
HD 233604 b,HD 233604,1,1,192.0,0.747,6.575,1.5,2014-05-14
HD 233832 b,HD 233832,2,1,4047.0,4.438,2.72,0.82,2019-11-19
HD 23596 b,HD 23596,2,1,1535.11912,2.694,11.914,1.1,2023-06-12
HD 238090 b,HD 238090,1,1,13.671,0.0932,0.02168,0.58,2021-02-26
HD 238914 b,HD 238914,1,1,4100.0,5.7,6.0,1.47,2018-01-23
HD 240210 b,HD 240210,1,1,501.75,1.16,5.21,0.82,2014-11-19
HD 240237 b,HD 240237,1,1,745.70001,1.92,15.89,8.76,2018-09-04
HD 24040 b,HD 24040,1,2,3552.0,4.708,4.05,1.1,2021-09-20
HD 24040 c,HD 24040,1,2,515.4,1.3,0.201,1.1,2021-09-20
HD 24064 b,HD 24064,1,1,535.59998,1.29,12.89,1.61,2018-09-04
HD 24085 b,HD 24085,1,1,2.0455,0.034,0.03713,1.22,2019-05-20
HD 25015 b,HD 25015,1,1,6360.0,6.45,9.42,0.86,2023-06-12
HD 25171 b,HD 25171,2,1,1802.29,2.971,0.915,1.08,2019-06-24
HD 25723 b,HD 25723,1,1,457.01,1.49,2.5,2.12,2021-10-25
HD 25912 b,HD 25912,1,2,41.83156,0.242,0.12,1.08,2023-06-14
HD 25912 c,HD 25912,1,2,26308.65619,17.848,16.527,1.08,2023-06-12
HD 26161 b,HD 26161,1,1,10942.29013,10.087,28.46,1.12,2023-06-12
HD 2638 b,HD 2638,3,1,3.458,0.044,0.5,0.92,2022-01-10
HD 27442 b,HD 27442,2,1,415.2,1.16,1.35,1.2,2015-04-30
HD 27631 b,HD 27631,1,1,2170.0,3.22,1.56,0.94,2023-06-12
HD 27894 b,HD 27894,1,3,18.01939,0.125,0.619,0.81,2023-06-14
HD 27894 c,HD 27894,1,3,36.07,0.198,0.162,0.8,2017-06-13
HD 27894 d,HD 27894,1,3,5019.54244,5.362,6.493,0.81,2023-06-12
HD 27969 b,HD 27969,1,1,654.5,1.552,4.8,1.16,2021-07-26
HD 28185 b,HD 28185,1,2,385.52775,1.035,5.837,0.99,2023-06-14
HD 28185 c,HD 28185,1,2,17417.92079,13.176,19.639,0.99,2023-06-12
HD 28192 b,HD 28192,1,1,14.23283,0.118,0.314,1.08,2023-06-14
HD 28254 b,HD 28254,2,1,1333.0,2.45,3.8,1.1,2023-09-05
HD 285507 b,HD 285507,1,1,6.0881,0.06,0.98,0.82,2018-09-04
HD 285968 b,HD 285968,1,1,8.7752,0.06649,0.0285,0.51,2021-09-20
HD 28678 b,HD 28678,1,1,387.1,1.25,1.7,1.74,2018-12-03
HD 29021 b,HD 29021,1,1,1365.0,2.294,4.47,0.86,2022-06-27
HD 290327 b,HD 290327,1,1,2443.0,3.43,2.43,0.84,2018-09-04
HD 29399 b,HD 29399,1,1,892.7,1.913,1.57,1.17,2021-11-18
HD 2952 b,HD 2952,1,1,312.08,1.117,0.896,1.91,2023-09-19
HD 29985 b,HD 29985,1,1,20608.14049,13.39,5.473,0.75,2023-06-12
HD 30177 b,HD 30177,1,2,2514.53422,3.604,8.403,0.98,2023-06-12
HD 30177 c,HD 30177,1,2,12085.45186,10.258,6.15,0.98,2023-06-12
HD 30562 b,HD 30562,1,1,1153.0,2.299,1.47,1.22,2023-06-12
HD 30669 b,HD 30669,1,1,1684.0,2.69,0.47,0.92,2015-01-08
HD 30856 b,HD 30856,2,1,912.0,2.04,2.11,1.65,2018-12-03
HD 31253 b,HD 31253,1,1,468.7,1.295,0.446,1.33,2021-09-20
HD 31527 b,HD 31527,1,3,16.5535,0.1254,0.0329,0.96,2019-02-05
HD 31527 c,HD 31527,1,3,51.2053,0.2663,0.0445,0.96,2019-02-05
HD 31527 d,HD 31527,1,3,271.6737,0.8098,0.0372,0.96,2019-02-05
HD 3167 b,HD 3167,1,4,0.959641,0.01796,0.01564,0.84,2023-04-17
HD 3167 d,HD 3167,1,4,8.4112,0.0763,0.01362,0.84,2023-04-17
HD 3167 e,HD 3167,1,4,96.63,0.3885,0.02646,0.84,2023-04-17
HD 32518 b,HD 32518,1,1,157.35,0.594,2.849,1.13,2023-09-19
HD 32963 b,HD 32963,1,1,2368.0,3.409,2.07,1.03,2023-06-12
HD 330075 b,HD 330075,1,1,3.38773,0.04,0.48,0.47,2018-09-04
HD 331093 b,HD 331093,1,1,621.62,1.44,1.5,1.03,2021-05-28
HD 33142 b,HD 33142,1,3,330.0,1.074,1.26,1.52,2022-06-27
HD 33142 c,HD 33142,1,3,810.2,1.955,0.89,1.52,2022-06-27
HD 33142 d,HD 33142,1,3,89.9,0.452,0.2,1.52,2022-06-27
HD 33283 b,HD 33283,2,1,18.179,0.15,0.37,1.47,2018-09-25
HD 33564 b,HD 33564,1,1,388.0,1.1,9.1,1.25,2014-12-03
HD 33844 b,HD 33844,1,2,551.40002,1.6,2.01,1.84,2018-09-04
HD 33844 c,HD 33844,1,2,916.0,2.24,1.75,1.78,2016-01-12
HD 34445 b,HD 34445,1,6,1059.0,2.105,0.658,1.11,2021-09-20
HD 34445 c,HD 34445,1,6,214.67,0.7181,0.168,1.07,2017-10-23
HD 34445 d,HD 34445,1,6,117.87,0.4817,0.097,1.07,2017-10-23
HD 34445 e,HD 34445,1,6,49.175,0.2687,0.0529,1.07,2017-10-23
HD 34445 f,HD 34445,1,6,676.8,1.543,0.119,1.07,2017-10-23
HD 34445 g,HD 34445,1,6,5700.0,6.36,0.38,1.07,2017-10-23
HD 35759 b,HD 35759,1,1,82.467,0.389,3.76,1.15,2016-02-24
HD 360 b,HD 360,1,1,273.1,0.98,0.75,1.69,2022-01-10
HD 36384 b,HD 36384,1,1,490.0,1.3,6.6,1.14,2023-08-22
HD 3651 b,HD 3651,1,1,62.242,0.2955,0.2202,0.89,2021-09-20
HD 37124 b,HD 37124,1,3,154.26,0.5253,0.65,0.81,2021-09-20
HD 37124 c,HD 37124,1,3,887.7,1.687,0.647,0.81,2021-09-20
HD 37124 d,HD 37124,1,3,1768.0,2.671,0.659,0.81,2021-09-20
HD 37605 b,HD 37605,1,2,55.027,0.263,2.39,0.92,2018-09-25
HD 3765 b,HD 3765,1,1,1211.0,2.108,0.173,0.85,2021-09-20
HD 38283 b,HD 38283,1,1,363.20001,1.02,0.4,1.37,2018-09-04
HD 38529 b,HD 38529,2,2,14.3099,0.115,0.65,0.98,2023-06-14
HD 38529 c,HD 38529,2,2,2127.60566,3.226,10.38,0.98,2023-06-12
HD 38801 b,HD 38801,1,1,696.3,1.7,10.7,1.36,2019-06-24
HD 39091 b,HD 39091,1,3,2088.75851,3.311,12.325,1.1,2023-06-12
HD 39194 b,HD 39194,1,3,5.6368,0.056,0.01259,0.67,2021-11-02
HD 39194 c,HD 39194,1,3,14.03,0.103,0.01982,0.67,2021-11-02
HD 39194 d,HD 39194,1,3,33.91,0.185,0.01259,0.67,2021-11-02
HD 39855 b,HD 39855,1,1,3.2498,0.041,0.02674,0.87,2019-05-20
HD 40307 b,HD 40307,1,5,4.3115,0.0475,0.01199,0.77,2015-11-18
HD 40307 c,HD 40307,1,5,9.6207,0.0812,0.02023,0.77,2015-11-18
HD 40307 d,HD 40307,1,5,20.4185,0.134,0.0275,0.77,2015-11-18
HD 40307 f,HD 40307,1,5,51.56,0.2485,0.01142,0.77,2015-11-18
HD 40307 g,HD 40307,1,5,196.343,0.6069,0.02234,0.79,2015-08-26
HD 40956 b,HD 40956,1,1,578.6,1.4,2.7,2.0,2017-11-28
HD 40979 b,HD 40979,3,1,265.36,0.8669,3.8,1.23,2021-09-20
HD 4113 b,HD 4113,3,1,526.5239,1.28,1.703,1.01,2023-06-14
HD 42012 b,HD 42012,1,1,857.5,1.67,1.6,0.83,2017-03-02
HD 4203 b,HD 4203,1,2,437.18,1.177,1.822,1.14,2021-09-20
HD 4203 c,HD 4203,1,2,7400.0,7.8,2.68,1.14,2021-09-20
HD 4208 b,HD 4208,1,1,829.5,1.634,0.771,0.85,2021-09-20
HD 42618 b,HD 42618,1,1,148.49,0.5337,0.0478,0.92,2021-09-20
HD 4308 b,HD 4308,1,1,15.56,0.12,0.05,0.93,2018-09-04
HD 4313 b,HD 4313,1,1,356.0,1.13,2.99,2.47,2018-12-03
HD 43197 b,HD 43197,1,2,308.92072,0.882,0.553,0.96,2023-06-14
HD 43197 c,HD 43197,1,2,9295.9735,8.54,7.868,0.96,2023-06-12
HD 43691 b,HD 43691,3,1,36.9987,0.238,2.55,1.32,2018-09-25
HD 44219 b,HD 44219,1,1,472.0,1.26,0.58,1.2,2023-09-05
HD 45184 b,HD 45184,1,2,5.8858,0.0641,0.0375,1.01,2021-09-20
HD 45184 c,HD 45184,1,2,13.1407,0.1095,0.0344,1.01,2021-09-20
HD 45350 b,HD 45350,1,1,978.19,1.958,1.821,1.05,2021-09-20
HD 45364 b,HD 45364,1,2,225.79,0.6793,0.1893,0.82,2022-12-05
HD 45364 c,HD 45364,1,2,345.43,0.902,0.549,0.82,2022-12-05
HD 45652 b,HD 45652,1,1,43.6,0.23,0.47,0.83,2018-09-25
HD 457 b,HD 457,1,1,20324.58153,15.369,26.572,1.15,2023-06-12
HD 46375 b,HD 46375,2,1,3.023495,0.03998,0.2266,0.93,2022-05-09
HD 47186 b,HD 47186,1,2,4.0845,0.05,0.07,0.96,2018-09-04
HD 4732 b,HD 4732,2,2,371.74,1.129,1.986,1.39,2023-09-19
HD 4732 c,HD 4732,2,2,3184.2,4.725,3.365,1.39,2023-09-19
HD 47366 b,HD 47366,1,2,360.08,1.207,2.082,1.81,2023-09-19
HD 47366 c,HD 47366,1,2,677.53,1.84,1.522,1.81,2023-09-19
HD 47536 b,HD 47536,1,1,434.9,1.12,4.0,0.98,2016-02-24
HD 4760 b,HD 4760,1,1,434.0,1.14,13.9,1.05,2021-02-05
HD 48265 b,HD 48265,1,1,780.3,1.81,1.47,1.28,2019-06-24
HD 4917 b,HD 4917,1,1,400.5,1.167,1.615,1.32,2018-12-03
HD 49674 b,HD 49674,1,1,4.94724,0.058,0.1149,1.06,2021-09-20
HD 50499 b,HD 50499,1,2,2462.0,3.846,1.346,1.25,2021-09-20
HD 50499 c,HD 50499,1,2,10400.0,10.1,3.18,1.25,2021-09-20
HD 50554 b,HD 50554,1,1,1240.0,2.339,5.85,1.1,2023-06-12
HD 51608 b,HD 51608,1,2,14.0726,0.1059,0.0402,0.8,2019-02-05
HD 51608 c,HD 51608,1,2,95.9446,0.3809,0.045,0.8,2019-02-05
HD 52265 b,HD 52265,1,1,119.263,0.506,1.108,1.22,2021-09-20
HD 5278 c,HD 5278,1,2,40.87,0.2416,0.05789,1.13,2021-04-23
HD 5319 b,HD 5319,1,2,674.6,1.75,1.94,1.56,2018-12-03
HD 5319 c,HD 5319,1,2,886.0,2.071,1.15,1.51,2018-12-03
HD 55696 b,HD 55696,1,1,1706.0,3.04,4.27,1.29,2023-06-12
HD 5583 b,HD 5583,1,1,139.35,0.53,5.78,1.01,2016-02-03
HD 5608 b,HD 5608,2,1,768.7,1.79,1.168,1.29,2023-09-19
HD 564 b,HD 564,1,1,492.3,1.2,0.33,0.96,2015-01-08
HD 56957 b,HD 56957,1,1,5859.08992,6.426,5.918,1.03,2023-06-12
HD 5891 b,HD 5891,1,1,177.11,0.64,7.63,1.93,2018-09-04
HD 59686 A b,HD 59686 A,2,1,299.36,1.086,6.92,1.9,2016-08-10
HD 60292 b,HD 60292,1,1,495.4,1.5,6.5,1.7,2021-03-25
HD 60532 b,HD 60532,1,2,201.3,0.759,1.03,1.44,2016-09-06
HD 60532 c,HD 60532,1,2,604.0,1.58,2.46,1.44,2016-09-06
HD 62364 b,HD 62364,1,2,5172.0,6.4,19.0,1.3,2023-09-05
HD 62364 c,HD 62364,1,2,74839.94555,36.984,24.93,1.19,2023-06-12
HD 62509 b,HD 62509,1,1,596.6,1.66,2.64,1.73,2016-07-26
HD 62549 b,HD 62549,1,1,14306.88519,11.842,8.519,1.08,2023-06-12
HD 63454 b,HD 63454,1,1,2.817822,0.036,0.38,0.8,2020-05-01
HD 63765 b,HD 63765,1,1,358.0,0.94,0.53,0.65,2018-09-04
HD 64114 b,HD 64114,1,1,45.791,0.246,0.056,0.95,2019-05-20
HD 64121 b,HD 64121,1,1,623.0,1.51,2.56,1.64,2022-02-01
HD 6434 b,HD 6434,1,1,21.998,0.14,0.49,1.1,2018-09-04
HD 65216 b,HD 65216,3,2,577.6,1.301,1.295,0.87,2019-03-11
HD 65216 c,HD 65216,3,2,152.6,0.54,0.17,1.0,2019-03-11
HD 66141 b,HD 66141,1,1,480.5,1.2,6.0,1.1,2014-05-14
HD 66428 b,HD 66428,1,2,2269.81726,3.395,10.946,1.01,2023-06-12
HD 66428 c,HD 66428,1,2,10478.84437,9.408,1.764,1.01,2023-06-12
HD 67087 b,HD 67087,1,2,352.2,1.08,3.06,1.36,2015-04-01
HD 67087 c,HD 67087,1,2,2374.0,3.86,4.85,1.36,2015-04-01
HD 6718 b,HD 6718,1,1,2496.0,3.55,1.68,1.08,2018-09-04
HD 68402 b,HD 68402,1,1,1150.0,2.239,7.9,1.12,2023-06-12
HD 6860 b,HD 6860,1,1,663.87,2.03,28.26,2.49,2023-08-07
HD 68988 b,HD 68988,1,2,6.2764187,0.0702,1.914,1.17,2022-05-09
HD 68988 c,HD 68988,1,2,16000.0,13.2,15.0,1.17,2021-09-20
HD 69123 b,HD 69123,1,1,1191.0,2.48,3.09,1.68,2023-06-12
HD 69830 b,HD 69830,1,3,8.66945,0.0794,0.0323,0.89,2021-09-20
HD 69830 c,HD 69830,1,3,31.613,0.1882,0.031,0.89,2021-09-20
HD 69830 d,HD 69830,1,3,200.61,0.645,0.0443,0.89,2021-09-20
HD 70573 b,HD 70573,1,1,851.8,1.76,6.1,1.0,2015-03-26
HD 70642 b,HD 70642,1,1,2101.0,3.295,3.9,1.08,2023-06-12
HD 7199 b,HD 7199,1,1,615.0,1.36,0.27,0.77,2018-09-04
HD 72490 b,HD 72490,1,1,858.0,1.88,1.768,1.21,2018-12-03
HD 72659 b,HD 72659,1,2,3549.39854,4.691,2.988,1.09,2023-06-12
HD 72659 c,HD 72659,1,2,18207.72098,13.959,18.806,1.09,2023-06-12
HD 72892 b,HD 72892,1,1,39.44603,0.228,5.468,1.01,2023-06-14
HD 73256 c,HD 73256,1,1,2690.0,3.8,16.0,1.0,2023-09-05
HD 73267 b,HD 73267,1,2,1257.2,2.195,4.6,0.89,2023-06-12
HD 73267 c,HD 73267,1,2,13900.0,11.0,4.4,0.89,2023-06-12
HD 73526 b,HD 73526,1,2,188.3,0.65,3.08,1.14,2018-09-04
HD 73526 c,HD 73526,1,2,379.1,1.03,2.25,1.01,2014-05-14
HD 73583 b,HD 73583,1,2,6.3980661,0.05995,0.05003,0.7,2024-02-21
HD 73583 c,HD 73583,1,2,18.8805,0.1233,0.07079,0.7,2024-02-21
HD 74156 b,HD 74156,1,2,51.63564,0.28,1.675,1.1,2023-06-14
HD 74156 c,HD 74156,1,2,2448.48726,3.678,8.665,1.1,2023-06-12
HD 7449 b,HD 7449,2,1,1270.55195,2.438,8.174,1.2,2023-06-12
HD 74698 b,HD 74698,1,2,15.017,0.121,0.07,1.04,2023-06-27
HD 74698 c,HD 74698,1,2,3449.0,4.5,0.4,1.04,2023-06-27
HD 75289 b,HD 75289,2,1,3.50927,0.05,0.49,1.29,2018-09-04
HD 75302 b,HD 75302,1,1,4356.0,5.3,5.4,1.06,2023-09-05
HD 75784 b,HD 75784,1,2,341.5,1.033,1.08,1.26,2018-12-03
HD 75784 c,HD 75784,1,2,3878.0,5.22,4.5,1.26,2018-12-03
HD 75898 b,HD 75898,1,1,418.2,1.19,2.51,1.28,2018-09-25
HD 76700 b,HD 76700,1,1,3.97097,0.05,0.21,0.99,2018-09-04
HD 76920 b,HD 76920,1,1,415.4,1.149,3.93,1.17,2017-11-28
HD 77338 b,HD 77338,1,1,5.7361,0.06,0.06,1.37,2018-09-04
HD 77946 b,HD 77946,1,1,6.527282,0.072,0.02637,1.17,2024-03-25
HD 79181 b,HD 79181,1,1,273.1,0.9,0.64,1.28,2022-01-10
HD 7924 b,HD 7924,1,3,5.39785,0.05595,0.0259,0.8,2021-09-20
HD 7924 c,HD 7924,1,3,15.3006,0.1121,0.0278,0.8,2021-09-20
HD 7924 d,HD 7924,1,3,24.4459,0.1532,0.0192,0.8,2021-09-20
HD 79498 b,HD 79498,2,1,1966.1,3.13,1.34,1.06,2019-01-28
HD 80606 b,HD 80606,2,1,111.43639,0.4602,4.16,1.05,2021-09-20
HD 80653 b,HD 80653,1,2,0.719573,0.01661,0.018,1.18,2023-04-17
HD 80869 b,HD 80869,1,1,1711.0,2.877,5.67,1.08,2023-06-12
HD 80883 b,HD 80883,1,1,6383.78352,6.462,5.5,0.88,2023-06-12
HD 80913 b,HD 80913,1,1,10839.83341,9.95,23.614,1.11,2023-06-12
HD 81040 b,HD 81040,1,1,1005.98854,1.988,6.768,1.03,2023-06-12
HD 81688 b,HD 81688,1,1,183.93,0.648,1.654,1.07,2023-09-19
HD 81817 b,HD 81817,1,2,1021.20159,3.233,24.128,4.3,2023-06-12
HD 81817 c,HD 81817,1,2,622.97802,2.325,22.609,4.3,2023-06-14
HD 82886 b,HD 82886,1,1,705.0,1.58,2.33,2.53,2018-09-04
HD 82943 b,HD 82943,1,2,441.93,1.189,1.539,1.15,2021-09-20
HD 82943 c,HD 82943,1,2,219.929,0.747,1.652,1.15,2021-09-20
HD 8326 b,HD 8326,1,1,158.991,0.533,0.20955,0.8,2019-05-20
HD 83443 b,HD 83443,1,2,2.985628,0.0406,0.402,1.0,2022-06-08
HD 83443 c,HD 83443,1,2,8241.0,8.0,1.5,1.0,2022-06-08
HD 8535 b,HD 8535,2,1,1313.0,2.45,0.68,1.13,2015-04-16
HD 85390 b,HD 85390,1,1,799.52,1.373,0.099,0.76,2019-03-11
HD 85512 b,HD 85512,1,1,58.43,0.26,0.01,0.43,2018-09-04
HD 8574 b,HD 8574,1,1,227.04,0.75,1.766,1.09,2021-09-20
HD 86065 b,HD 86065,1,1,25775.78859,15.947,9.053,0.81,2023-06-12
HD 86081 b,HD 86081,2,1,2.1375,0.03,1.64,1.39,2018-09-25
HD 86226 b,HD 86226,1,2,1695.0,2.84,0.92,1.06,2020-08-06
HD 86264 b,HD 86264,1,1,1488.79123,2.763,9.808,1.26,2023-06-12
HD 8673 b,HD 8673,2,1,1644.69097,2.97,13.248,1.28,2023-06-12
HD 86950 b,HD 86950,1,1,1270.0,2.72,3.6,1.66,2016-11-30
HD 87646 b,HD 87646,3,1,13.481,0.117,12.4,1.12,2016-08-17
HD 87883 b,HD 87883,1,1,3309.22118,4.055,5.409,0.81,2023-06-12
HD 88072 b,HD 88072,1,1,18538.79293,13.895,7.903,1.04,2023-06-12
HD 88133 b,HD 88133,1,1,3.415,0.046,0.29,1.2,2018-12-03
HD 88986 b,HD 88986,1,1,146.05,0.58,0.05412,1.25,2023-12-04
HD 89307 b,HD 89307,1,1,2188.0,3.331,2.02,1.03,2023-06-12
HD 89744 b,HD 89744,2,1,256.78,0.91,7.92,1.21,2019-03-11
HD 89839 b,HD 89839,1,1,3448.0,4.9,5.2,1.3,2023-09-05
HD 90156 b,HD 90156,1,1,49.609,0.2509,0.0371,0.86,2021-09-20
HD 9174 b,HD 9174,1,1,1179.0,2.2,1.11,1.03,2016-11-09
HD 92788 b,HD 92788,1,2,325.705,0.949,3.52,1.08,2021-09-20
HD 92788 c,HD 92788,1,2,8360.0,8.26,2.81,1.08,2021-09-20
HD 93083 b,HD 93083,1,1,143.58,0.477,0.37,0.7,2014-05-14
HD 93351 b,HD 93351,1,2,2.45946,0.035,0.011,0.94,2023-06-14
HD 93351 c,HD 93351,1,2,14010.2941,11.154,13.07,0.94,2023-06-12
HD 93385 b,HD 93385,1,3,7.3426,0.0756,0.01321,1.04,2021-11-02
HD 93385 c,HD 93385,1,3,13.18,0.112,0.02234,1.04,2021-11-02
HD 93385 d,HD 93385,1,3,45.85,0.2565,0.02737,1.04,2021-11-04
HD 9446 b,HD 9446,1,2,30.052,0.189,0.7,1.0,2019-01-28
HD 9446 c,HD 9446,1,2,192.9,0.654,1.82,1.0,2019-01-28
HD 94771 b,HD 94771,1,1,2164.0,3.48,0.53,1.2,2023-06-27
HD 94834 b,HD 94834,1,1,1576.0,2.74,1.26,1.11,2018-12-03
HD 95089 b,HD 95089,1,2,464.4,1.36,1.26,1.54,2018-12-03
HD 95089 c,HD 95089,1,2,1785.0,3.33,3.45,1.54,2018-12-03
HD 95127 b,HD 95127,1,1,482.0,1.28,10.63,3.7,2018-09-04
HD 95544 b,HD 95544,1,1,2170.0,3.383,7.74,1.09,2023-06-12
HD 95735 c,GJ 411,1,2,2946.0,2.94,0.04279,0.39,2022-05-24
HD 95872 b,HD 95872,1,1,4375.0,5.15,3.74,0.7,2018-09-04
HD 96063 b,HD 96063,1,1,361.1,0.99,0.9,1.02,2018-12-03
HD 96127 b,HD 96127,1,1,647.29999,1.42,20.96,10.94,2018-09-04
HD 96167 b,HD 96167,2,1,498.1,1.332,0.71,1.27,2018-12-03
HD 96700 b,HD 96700,1,3,8.1245,0.0777,0.028,0.89,2021-11-02
HD 96700 c,HD 96700,1,3,19.88,0.141,0.01101,0.89,2021-11-02
HD 96700 d,HD 96700,1,3,103.5,0.424,0.03996,0.89,2021-11-04
HD 96992 b,HD 96992,1,1,514.0,1.24,1.14,0.96,2021-02-05
HD 97037 b,HD 97037,1,1,6449.08337,6.925,21.105,1.06,2023-06-12
HD 98219 b,HD 98219,1,1,436.89999,1.32,2.2,1.71,2018-12-03
HD 98649 b,HD 98649,1,1,5697.3043,6.297,8.386,1.02,2023-06-12
HD 98736 b,HD 98736,2,1,968.8,1.864,2.33,0.92,2018-09-25
HD 99109 b,HD 99109,1,1,441.0,1.122,0.474,0.97,2021-09-20
HD 99283 b,HD 99283,1,1,310.4,1.08,0.97,1.76,2022-01-10
HD 99706 b,HD 99706,1,2,868.0,2.14,1.4,1.72,2018-12-03
HIP 105854 b,HIP 105854,1,1,184.2,0.81,8.2,2.1,2014-06-11
HIP 107772 b,HIP 107772,1,1,55.199,0.243,0.04059,0.63,2020-09-08
HIP 107773 b,HIP 107773,1,1,144.3,0.72,1.98,2.42,2015-06-04
HIP 109384 b,HIP 109384,1,1,499.48,1.134,1.56,0.78,2016-02-24
HIP 109600 b,HIP 109600,2,1,232.08,0.706,2.68,0.87,2016-02-24
HIP 114933 b,HIP 114933,1,1,1481.6,2.84,1.94,1.39,2021-05-17
HIP 12961 b,HIP 12961,1,1,57.435,0.25,0.36,0.69,2018-09-04
HIP 14810 b,HIP 14810,1,3,6.6742,0.0692,3.91,0.98,2018-09-25
HIP 14810 c,HIP 14810,1,3,147.73,0.545,1.28,0.99,2018-09-25
HIP 14810 d,HIP 14810,1,3,952.0,1.89,0.57,0.99,2018-09-25
HIP 19976 b,HIP 19976,1,1,50.65905,0.234,0.068,0.67,2023-06-14
HIP 21152 b,HIP 21152,2,1,22000.0,17.0,24.0,1.4,2022-12-05
HIP 29442 b,HIP 29442,1,3,13.63083,0.107,0.0302,0.89,2023-09-05
HIP 29442 c,HIP 29442,1,3,3.53796,0.0436,0.01416,0.89,2023-09-05
HIP 29442 d,HIP 29442,1,3,6.42975,0.0649,0.01605,0.89,2023-09-05
HIP 34222 b,HIP 34222,1,1,159.986,0.492,0.83,0.62,2022-01-10
HIP 35173 b,HIP 35173,1,1,41.516,0.217,0.03996,0.79,2019-05-20
HIP 35965 b,HIP 35965,1,1,26125.56497,15.898,8.149,0.78,2023-06-12
HIP 38594 b,HIP 38594,2,2,60.722,0.256,0.02549,0.61,2020-09-08
HIP 38594 c,HIP 38594,2,2,3477.768,3.805,0.15228,0.61,2020-09-08
HIP 4845 b,HIP 4845,1,1,34.15,0.176,0.04531,0.62,2020-09-08
HIP 48714 b,HIP 48714,1,1,17.818,0.112,0.07205,0.58,2020-09-08
HIP 5158 b,HIP 5158,1,2,345.72,0.89,1.42,0.78,2019-09-04
HIP 5158 c,HIP 5158,1,2,9017.76,7.7,15.04,0.78,2015-09-08
HIP 54373 b,HIP 54373,1,2,7.76,0.063,0.02712,0.57,2019-05-20
HIP 54373 c,HIP 54373,1,2,15.144,0.099,0.03914,0.57,2019-05-20
HIP 54597 b,HIP 54597,1,1,3274.0,4.0,2.4,0.8,2023-09-05
HIP 55507 b,HIP 55507,1,1,5138.43727,5.062,8.135,0.65,2023-06-12
HIP 56640 b,HIP 56640,1,1,2620.0,3.77,5.6,1.04,2023-06-12
HIP 57274 b,HIP 57274,1,3,8.1352,0.07,0.02,0.29,2018-09-04
HIP 57274 c,HIP 57274,1,3,32.03,0.178,0.40902,0.73,2015-04-24
HIP 57274 d,HIP 57274,1,3,431.7,1.01,0.5267,0.73,2015-03-26
HIP 5763 b,HIP 5763,1,1,30.014,0.17,0.51,0.72,2022-01-10
HIP 63242 b,HIP 63242,1,1,124.6,0.565,9.18,1.54,2014-05-14
HIP 65407 b,HIP 65407,1,2,28.125,0.177,0.428,0.93,2016-02-24
HIP 65407 c,HIP 65407,1,2,67.3,0.316,0.784,0.93,2016-02-24
HIP 65891 b,HIP 65891,1,1,1079.55726,2.794,5.888,2.49,2023-06-12
HIP 66074 b,HIP 66074,1,1,310.9,0.799,5.0,0.7,2023-10-24
HIP 67537 b,HIP 67537,1,1,2550.0,4.92,13.7,2.41,2023-06-12
HIP 67851 b,HIP 67851,1,2,88.87622,0.482,1.568,1.9,2023-06-14
HIP 67851 c,HIP 67851,1,2,3923.6609,6.032,6.937,1.9,2023-06-12
HIP 70849 b,HIP 70849,2,1,3649.0,3.99,4.5,0.65,2023-09-05
HIP 71135 b,HIP 71135,1,1,87.19,0.335,0.05915,0.66,2019-05-20
HIP 74890 b,HIP 74890,1,1,822.3,2.1,2.4,1.74,2016-03-16
HIP 75092 b,HIP 75092,1,1,926.4,2.02,1.79,1.28,2021-05-17
HIP 79431 b,HIP 79431,1,1,111.7,0.36,2.1,0.49,2019-01-28
HIP 81208 C b,HIP 81208 C,3,1,104100.0,23.04,14.8,0.14,2023-07-25
HIP 8541 b,HIP 8541,2,2,1852.14387,3.729,7.714,2.01,2023-06-12
HIP 86221 b,HIP 86221,1,1,2.224,0.031,0.71,0.79,2022-01-10
HIP 90988 b,HIP 90988,1,1,455.73816,1.36,2.102,1.61,2023-06-14
HIP 91258 b,HIP 91258,1,1,5.0505,0.06,1.09,0.97,2018-09-04
HIP 948 b,HIP 948,1,1,24955.45756,15.037,20.6,0.71,2023-06-12
HIP 97166 c,HIP 97166,1,2,16.84,0.124,0.03115,0.9,2021-11-09
HIP 97233 b,HIP 97233,1,1,1054.0,2.447,22.6,1.74,2023-06-12
HIP 99770 b,HIP 99770,1,1,18600.0,16.9,16.1,1.85,2023-04-17
HN Lib b,HN Lib,1,1,36.116,0.1417,0.01718,0.29,2023-08-07
HR 5183 b,HR 5183,2,1,38350.0,22.8,3.31,1.07,2023-06-12
HR 810 b,HR 810,1,1,302.79999,0.92,2.27,1.34,2018-09-04
HS Psc b,HS Psc,1,1,3.986,0.0435,1.46,0.69,2024-03-12
HU Aqr AB b,HU Aqr,2,2,2390.0,3.6,5.9,0.88,2019-10-18
HU Aqr AB c,HU Aqr,2,2,4368.0,5.4,4.5,0.88,2019-10-18
IC 4651 9122 b,IC 4651 9122,1,1,734.0,2.038,6.3,2.1,2018-07-18
K2-110 b,K2-110,1,1,13.86375,0.10207,0.05003,0.74,2023-04-17
K2-111 b,K2-111,1,2,5.3518,0.0565,0.01756,0.84,2023-04-17
K2-111 c,K2-111,1,2,15.6805,0.11569,0.03486,0.84,2023-04-17
K2-12 b,K2-12,1,1,8.28246,0.0792,0.01636,0.96,2023-04-17
K2-136 b,K2-136,2,3,7.9752,0.0707,0.01353,0.74,2023-04-10
K2-136 d,K2-136,2,3,25.575,0.1538,0.00944,0.74,2023-04-10
K2-138 g,K2-138,1,6,41.96797,0.23109,0.01359,0.94,2021-03-12
K2-141 c,K2-141,1,2,7.7485,0.0683,0.02517,0.71,2023-04-17
K2-146 b,K2-146,1,2,2.6698,0.0248,0.01762,0.36,2021-07-12
K2-146 c,K2-146,1,2,3.9663,0.0327,0.02234,0.36,2021-07-12
K2-167 b,K2-167,1,1,9.97748,0.091,0.02045,1.01,2023-04-17
K2-18 c,K2-18,1,2,8.962,0.06,0.02363,0.36,2017-12-19
K2-199 b,K2-199,1,2,3.2253993,0.0382,0.02171,0.71,2022-03-28
K2-2016-BLG-0005L b,K2-2016-BLG-0005L,1,1,4700.0,4.16,1.1,0.58,2023-05-03
K2-222 b,K2-222,1,1,15.38857,0.1206,0.02737,0.99,2023-04-17
K2-233 b,K2-233,1,3,2.4675,0.03308,0.03543,0.79,2021-05-17
K2-233 c,K2-233,1,3,7.06005,0.06666,0.0403,0.79,2021-05-17
K2-263 b,K2-263,1,1,50.818947,0.2573,0.04688,0.88,2023-04-17
K2-266 b,K2-266,2,4,0.658524,0.01306,0.03545,0.69,2022-10-31
K2-266 c,K2-266,2,4,7.814,0.0679,0.00091,0.69,2022-10-31
K2-280 b,K2-280,1,1,19.89526,0.1461,0.11673,1.03,2021-07-12
K2-285 d,K2-285,1,4,10.45582,0.1178,0.02045,0.83,2018-12-11
K2-285 e,K2-285,1,4,14.76289,0.18041,0.03367,0.83,2018-12-11
K2-287 b,K2-287,1,1,14.893291,0.1206,0.315,1.06,2019-01-03
K2-292 b,K2-292,1,1,16.9841,0.13,0.07709,1.0,2019-02-05
K2-3 b,K2-3,1,3,10.0546535,0.0747,0.01608,0.55,2023-07-10
K2-3 c,K2-3,1,3,24.646729,0.1357,0.00843,0.55,2023-07-10
K2-3 d,K2-3,1,3,44.55603,0.2014,0.00692,0.55,2023-07-10
K2-312 c,HD 80653,1,2,921.2,1.961,5.41,1.18,2023-04-17
K2-32 b,K2-32,2,4,8.992,0.0795,0.0472,0.83,2021-05-17
K2-32 c,K2-32,2,4,20.66093,0.13843,0.02549,0.83,2021-05-17
K2-32 d,K2-32,2,4,31.71701,0.18422,0.02108,0.83,2021-05-17
K2-32 e,K2-32,2,4,4.34934,0.04899,0.00661,0.83,2021-05-17
K2-329 b,K2-329,1,1,12.4551225,0.1016,0.26,0.9,2020-11-13
K2-36 b,K2-36,1,2,1.422614,0.02288,0.01353,0.79,2023-04-17
K2-36 c,K2-36,1,2,5.340888,0.05528,0.02486,0.79,2023-04-17
K2-38 b,K2-38,1,2,4.01593,0.0503,0.02423,1.05,2023-04-17
K2-38 c,K2-38,1,2,10.56103,0.0959,0.02328,1.05,2023-04-17
K2-39 b,K2-39,1,1,4.60543,0.062,0.15826,1.53,2018-04-25
K2-416 b,K2-416,1,1,13.102,0.088,5.2,0.55,2023-07-10
K2-417 b,K2-417,1,1,6.535,0.063,2.2,0.57,2023-07-10
K2-66 b,K2-66,1,1,5.06963,0.05983,0.06702,1.11,2019-07-19
KELT-6 c,KELT-6,1,2,1276.0,2.39,3.71,1.13,2015-09-02
KIC 3526061 b,KIC 3526061,1,1,3552.0,5.14,18.15,1.42,2022-10-10
KIC 5095269 b,KIC 5095269,2,1,237.68977,0.8,7.693,1.21,2019-12-02
KOI-142 b,KOI-142,1,3,10.91610834,0.095822,0.03573,0.98,2024-02-21
KOI-142 c,KOI-142,1,3,22.267161,0.154121,0.65354,0.98,2024-02-21
KOI-1599.01,KOI-1599,1,2,20.4415,0.14728,0.01447,1.02,2019-05-20
KOI-1599.02,KOI-1599,1,2,13.6088,0.112293,0.02832,1.02,2019-05-20
KOI-2513.01,KOI-2513,1,1,19.00547,0.5,23.0,0.91,2024-04-15
KOI-351 g,KOI-351,1,8,210.6031105,0.716852,0.07144,1.11,2024-02-21
KOI-351 h,KOI-351,1,8,331.6011081,0.970206,0.74175,1.11,2024-02-21
KOI-3680 b,KOI-3680,1,1,141.241671,0.534,1.93,1.01,2018-12-03
KOI-4777.01,KOI-4777,1,1,0.412,0.008,0.31212,0.41,2022-01-10
KOI-55 b,KOI-55,1,2,0.240104,0.006,0.0014,0.5,2014-05-14
KOI-55 c,KOI-55,1,2,0.342887,0.0076,0.0021,0.5,2014-05-14
KOI-94 b,KOI-94,2,4,3.74317556,0.049815,0.01805,1.18,2024-02-21
KOI-984 c,KOI-984,1,2,21.512,0.1467,0.6601,0.93,2022-07-12
Kapteyn c,Kapteyn,1,1,121.54,0.311,0.022,0.28,2014-06-04
Kepler-10 b,Kepler-10,1,3,0.83749133,0.016606,0.01151,0.87,2024-02-21
Kepler-10 c,Kepler-10,1,3,45.29431717,0.237488,0.03798,0.87,2024-02-21
Kepler-10 d,Kepler-10,1,3,151.04,0.5379,0.0399,0.91,2023-04-17
Kepler-100 b,Kepler-100,1,4,6.88706037,0.073063,0.01713,1.1,2024-02-21
Kepler-100 c,Kepler-100,1,4,12.81588378,0.110537,0.01259,1.1,2024-02-21
Kepler-100 d,Kepler-100,1,4,35.3330866,0.217335,0.00558,1.1,2024-02-21
Kepler-100 e,Kepler-100,1,4,60.888588,0.312392,0.07596,1.1,2024-02-16
Kepler-102 d,Kepler-102,1,5,10.31173752,0.086179,0.01428,0.8,2024-02-21
Kepler-102 e,Kepler-102,1,5,16.14569077,0.116203,0.01492,0.8,2024-02-21
Kepler-103 b,Kepler-103,1,2,15.96533687,0.129399,0.04374,1.13,2024-02-21
Kepler-103 c,Kepler-103,1,2,179.6076602,0.649672,0.09579,1.13,2024-02-21
Kepler-104 b,Kepler-104,2,3,11.42754563,0.092859,0.03129,0.82,2024-02-21
Kepler-104 c,Kepler-104,2,3,23.66836427,0.150882,0.02247,0.82,2024-02-21
Kepler-104 d,Kepler-104,2,3,51.75529576,0.254191,0.01743,0.82,2024-02-21
Kepler-106 c,Kepler-106,1,4,13.57076622,0.109803,0.04192,0.96,2024-02-21
Kepler-106 e,Kepler-106,1,4,43.84444353,0.239969,0.02074,0.96,2024-02-21
Kepler-107 b,Kepler-107,1,4,3.1800218,0.04544,0.01196,1.24,2023-04-17
Kepler-107 c,Kepler-107,1,4,4.901452,0.06064,0.03146,1.24,2023-04-17
Kepler-107 d,Kepler-107,1,4,7.95839,0.08377,0.02423,1.24,2023-04-17
Kepler-107 e,Kepler-107,1,4,14.749143,0.12638,0.04436,1.24,2023-04-17
Kepler-109 b,Kepler-109,1,2,6.48162809,0.068597,0.01433,1.02,2024-02-21
Kepler-109 c,Kepler-109,1,2,21.22258525,0.151256,0.00552,1.02,2024-02-21
Kepler-11 b,Kepler-11,1,6,10.30400497,0.092237,0.02345,0.99,2024-02-21
Kepler-11 c,Kepler-11,1,6,13.02492819,0.107832,0.03507,0.99,2024-02-21
Kepler-11 d,Kepler-11,1,6,22.68714105,0.156106,0.02628,0.99,2024-02-21
Kepler-11 e,Kepler-11,1,6,31.99550624,0.196317,0.02501,0.99,2024-02-21
Kepler-11 f,Kepler-11,1,6,46.6858024,0.252555,0.05809,0.99,2024-02-21
Kepler-11 g,Kepler-11,1,6,118.378379,0.469621,0.02777,0.99,2024-02-21
Kepler-111 c,Kepler-111,1,2,224.77833,0.751,0.7,1.12,2024-04-15
Kepler-113 b,Kepler-113,1,2,4.75400115,0.051194,0.02368,0.79,2024-02-21
Kepler-113 c,Kepler-113,1,2,8.92507637,0.077909,0.00332,0.79,2024-02-21
Kepler-126 b,Kepler-126,1,3,10.49567752,0.097079,0.01294,1.11,2024-02-21
Kepler-126 c,Kepler-126,1,3,21.86967617,0.158373,0.00402,1.11,2024-02-21
Kepler-126 d,Kepler-126,1,3,100.2828693,0.437124,0.17176,1.11,2024-02-21
Kepler-129 b,Kepler-129,1,3,15.79193725,0.132166,0.03216,1.24,2024-02-21
Kepler-129 c,Kepler-129,1,3,82.2000105,0.396957,0.07965,1.24,2024-02-21
Kepler-129 d,Kepler-129,1,3,1935.571324,3.261131,6.33846,1.24,2024-02-16
Kepler-131 b,Kepler-131,1,2,16.09197176,0.127825,0.02157,1.08,2024-02-21
Kepler-138 b,Kepler-138,1,4,10.3134,0.0753,0.00022,0.54,2023-01-04
Kepler-138 c,Kepler-138,1,4,13.7815,0.0913,0.00724,0.54,2023-01-04
Kepler-138 d,Kepler-138,1,4,23.0923,0.1288,0.00661,0.54,2023-01-04
Kepler-138 e,Kepler-138,1,4,38.23,0.1803,0.00135,0.54,2023-01-04
Kepler-139 b,Kepler-139,1,4,15.77111583,0.126199,0.01664,1.08,2024-02-21
Kepler-139 c,Kepler-139,1,4,157.0654802,0.584162,0.07317,1.08,2024-02-21
Kepler-139 d,Kepler-139,1,4,7.30569992,0.075553,0.01466,1.08,2024-02-21
Kepler-139 e,Kepler-139,1,4,2047.635373,3.235796,1.34071,1.08,2024-02-16
Kepler-1514 b,Kepler-1514,1,2,217.83184,0.753,5.28,1.2,2021-01-05
Kepler-16 b,Kepler-16,2,1,226.0,0.688,0.313,0.66,2023-02-07
Kepler-1647 b,Kepler-1647,2,1,1107.5923,2.7205,1.51968,1.22,2016-05-18
Kepler-1654 b,Kepler-1654,1,1,1047.8356,2.026,0.5,1.01,2018-03-05
Kepler-1655 b,Kepler-1655,1,1,11.8728787,0.1029,0.01699,1.03,2023-04-17
Kepler-1656 c,Kepler-1656,1,2,1919.0,3.053,0.4,1.03,2022-05-24
Kepler-1661 b,Kepler-1661,2,1,175.06,0.633,0.05349,0.84,2020-02-21
Kepler-167 e,Kepler-167,2,4,1071.23205,1.883,1.01,0.78,2022-07-18
Kepler-1704 b,Kepler-1704,1,1,988.88112,2.027,4.16,1.13,2022-11-07
Kepler-1708 b,Kepler-1708,1,1,737.1131,1.64,4.6,1.09,2022-01-10
Kepler-1710 b,Kepler-1710,1,1,14.91094205,0.115769,0.011,0.93,2024-02-21
Kepler-18 b,Kepler-18,1,3,3.50468755,0.044898,0.03998,0.98,2024-02-21
Kepler-18 c,Kepler-18,1,3,7.64157153,0.075494,0.06211,0.98,2024-02-21
Kepler-1876 b,Kepler-1876,1,1,6.99205,0.0758,0.00755,1.19,2023-04-17
Kepler-19 b,Kepler-19,1,3,9.28696883,0.083577,0.02328,0.9,2024-02-21
Kepler-19 c,Kepler-19,1,3,28.519071,0.176574,0.05217,0.9,2024-02-21
Kepler-20 b,Kepler-20,2,6,3.69611967,0.045862,0.02993,0.94,2024-02-21
Kepler-20 c,Kepler-20,2,6,10.85409784,0.094049,0.04263,0.94,2024-02-21
Kepler-20 d,Kepler-20,2,6,77.6115987,0.349066,0.04074,0.94,2024-02-21
Kepler-20 g,Kepler-20,2,6,34.951009,0.205083,0.06598,0.94,2024-02-21
Kepler-21 b,Kepler-21,2,1,2.7858212,0.0434,0.0236,1.41,2023-04-17
Kepler-22 b,Kepler-22,1,1,289.863876,0.812,0.02863,0.86,2023-04-17
Kepler-25 b,Kepler-25,2,3,6.23853477,0.069445,0.03397,1.15,2024-02-21
Kepler-25 c,Kepler-25,2,3,12.72037435,0.111666,0.07572,1.15,2024-02-21
Kepler-25 d,Kepler-25,2,3,91.605187,0.416422,0.21619,1.15,2024-02-21
Kepler-289 d,Kepler-289,1,3,66.0634,0.33,0.013,1.08,2014-11-19
Kepler-30 b,Kepler-30,1,3,29.33434,0.18,0.036,0.99,2023-11-28
Kepler-30 c,Kepler-30,1,3,60.323105,0.3,2.01,0.99,2023-11-28
Kepler-30 d,Kepler-30,1,3,143.34394,0.5,0.073,0.99,2023-11-28
Kepler-323 b,Kepler-323,1,2,1.678328,0.02778,0.01227,1.01,2023-04-17
Kepler-323 c,Kepler-323,1,2,3.5538229,0.0458,0.0214,1.01,2023-04-17
Kepler-34 b,Kepler-34,2,1,288.822,1.0896,0.22,1.05,2014-05-14
Kepler-35 b,Kepler-35,2,1,131.458,0.60347,0.127,0.89,2014-05-14
Kepler-36 b,Kepler-36,1,2,13.84984283,0.114133,0.00342,1.03,2024-02-21
Kepler-36 c,Kepler-36,1,2,16.23192004,0.12687,0.05117,1.03,2024-02-21
Kepler-37 e,Kepler-37,1,4,50.25,0.25,0.02549,0.79,2024-02-21
Kepler-38 b,Kepler-38,2,1,105.599,0.4632,0.384,0.94,2014-05-14
Kepler-406 b,Kepler-406,1,2,2.42630084,0.035974,0.01677,1.05,2024-02-21
Kepler-407 b,Kepler-407,1,2,0.66930969,0.015302,0.00525,1.07,2024-02-21
Kepler-407 c,Kepler-407,1,2,2091.749385,3.270904,11.08903,1.07,2024-02-16
Kepler-409 b,Kepler-409,1,1,68.958608,0.322499,0.00436,0.94,2024-02-21
Kepler-411 e,Kepler-411,2,4,31.509728,0.186,0.03398,0.87,2019-07-03
Kepler-413 b,Kepler-413,2,1,66.262,0.3553,0.211,0.82,2014-05-14
Kepler-419 b,Kepler-419,1,2,69.7547,0.3704,2.58,1.39,2019-03-18
Kepler-419 c,Kepler-419,1,2,675.47,1.68,7.3,1.39,2014-06-25
Kepler-424 c,Kepler-424,1,2,223.3,0.73,6.97,1.01,2014-10-03
Kepler-433 b,Kepler-433,1,1,5.3340838,0.0678,2.81,1.46,2019-03-18
Kepler-434 b,Kepler-434,1,1,12.8747099,0.1142,2.98,1.2,2019-03-18
Kepler-448 c,KOI-12,1,2,2500.0,4.2,22.0,1.5,2019-11-01
Kepler-453 b,Kepler-453,2,1,240.503,0.7903,0.05034,0.94,2018-03-14
Kepler-454 b,Kepler-454,2,3,10.57375703,0.096131,0.01663,1.06,2024-02-21
Kepler-454 c,Kepler-454,2,3,525.157337,1.298877,4.58272,1.06,2024-02-16
Kepler-454 d,Kepler-454,2,3,4806.833852,5.683483,2.30712,1.06,2024-02-16
Kepler-46 c,Kepler-46,1,3,57.011,0.2799,0.376,0.9,2021-11-18
Kepler-47 b,Kepler-47,2,3,49.4643,0.2877,0.00651,0.96,2019-04-22
Kepler-47 c,Kepler-47,2,3,303.227,0.9638,0.00997,0.96,2019-04-22
Kepler-47 d,Kepler-47,2,3,187.366,0.6992,0.05984,0.96,2019-04-22
Kepler-48 b,Kepler-48,1,5,4.77800403,0.053918,0.02079,0.92,2024-02-21
Kepler-48 c,Kepler-48,1,5,9.67395347,0.086293,0.0349,0.92,2024-02-21
Kepler-48 d,Kepler-48,1,5,42.89605505,0.232907,0.02797,0.92,2024-02-21
Kepler-48 e,Kepler-48,1,5,998.116175,1.898275,2.16257,0.92,2024-02-16
Kepler-48 f,Kepler-48,1,5,5219.681854,5.719188,0.93944,0.92,2024-02-16
Kepler-50 b,Kepler-50,1,2,7.8128584,0.080826,0.01266,1.15,2024-02-21
Kepler-50 c,Kepler-50,1,2,9.37664325,0.09128,0.03207,1.15,2024-02-21
Kepler-507 b,Kepler-507,1,1,3.56809693,0.047794,0.01792,1.14,2024-02-21
Kepler-538 b,Kepler-538,2,1,81.73780699,0.353357,0.03291,0.88,2024-02-21
Kepler-539 c,Kepler-539,1,2,1000.0,2.42,2.4,1.05,2016-05-06
Kepler-553 b,Kepler-553,1,2,4.030467,0.04766,0.365,0.89,2024-04-15
Kepler-553 c,Kepler-553,1,2,328.24017,0.898,6.7,0.89,2024-04-15
Kepler-56 b,Kepler-56,1,3,10.5007334,0.111386,0.11454,1.67,2024-02-21
Kepler-56 c,Kepler-56,1,3,21.4054901,0.179075,0.74123,1.67,2024-02-21
Kepler-56 d,Kepler-56,1,3,994.439067,2.314217,6.43351,1.67,2024-02-16
Kepler-65 b,Kepler-65,1,4,2.15490904,0.035163,0.00772,1.25,2024-02-21
Kepler-65 c,Kepler-65,1,4,5.85993872,0.068505,0.01568,1.25,2024-02-21
Kepler-65 d,Kepler-65,1,4,8.13122484,0.085225,0.01337,1.25,2024-02-21
Kepler-65 e,Kepler-65,1,4,257.895039,0.853931,0.68219,1.25,2024-02-16
Kepler-68 c,Kepler-68,2,4,9.60503867,0.089652,0.0084,1.04,2024-02-21
Kepler-68 d,Kepler-68,2,4,632.261207,1.461594,0.74219,1.04,2024-02-16
Kepler-68 e,Kepler-68,2,4,4464.424153,5.379469,0.51598,1.04,2024-02-16
Kepler-78 b,Kepler-78,2,1,0.35500745,0.00901,0.00529,0.78,2023-04-17
Kepler-82 b,Kepler-82,1,5,26.44,0.1683,0.03823,0.91,2019-07-19
Kepler-82 f,Kepler-82,1,5,75.732,0.3395,0.06576,0.91,2019-07-19
Kepler-849 b,Kepler-849,1,1,394.62508,1.137,0.94,1.26,2024-04-15
Kepler-88 d,KOI-142,1,3,1425.439707,2.46633,3.15495,0.98,2024-02-16
Kepler-9 b,Kepler-9,1,3,19.27082403,0.141788,0.0815,1.02,2024-02-21
Kepler-9 c,Kepler-9,1,3,38.90787517,0.226498,0.08585,1.02,2024-02-21
Kepler-9 d,Kepler-9,1,3,1.59295975,0.026906,0.02647,1.02,2024-02-21
Kepler-92 b,Kepler-92,1,3,13.7488263,0.122268,0.06084,1.29,2024-02-21
Kepler-92 c,Kepler-92,1,3,26.72320599,0.190427,0.03996,1.29,2024-02-21
Kepler-92 d,Kepler-92,1,3,49.3568849,0.286661,0.03734,1.29,2024-02-21
Kepler-94 b,Kepler-94,1,2,2.50805735,0.033746,0.0346,0.81,2024-02-21
Kepler-94 c,Kepler-94,1,2,816.375396,1.596807,8.88502,0.81,2024-02-16
Kepler-95 b,Kepler-95,1,1,11.52306995,0.102279,0.03216,1.07,2024-02-21
Kepler-96 b,Kepler-96,1,1,16.23846777,0.126039,0.0408,1.01,2024-02-21
Kepler-97 b,Kepler-97,1,2,2.58663808,0.035618,0.01067,0.9,2024-02-21
Kepler-98 b,Kepler-98,1,1,1.54167663,0.026126,0.00645,1.0,2024-02-21
Kepler-99 b,Kepler-99,2,1,4.60357804,0.050692,0.01197,0.82,2024-02-21
L 363-38 b,L 363-38,1,1,8.781,0.048,0.01469,0.21,2023-02-27
L 98-59 e,L 98-59,1,4,12.796,0.0717,0.00963,0.27,2021-08-25
LHS 3154 b,LHS 3154,1,1,3.71778,0.02262,0.04137,0.11,2023-12-14
LP 791-18 d,LP 791-18,1,3,2.753436,0.01992,0.00283,0.14,2023-05-14
LP 890-9 c,LP 890-9,1,2,8.457463,0.03984,0.0796,0.12,2022-09-14
LSPM J2116+0234 b,LSPM J2116+0234,1,1,14.4399,0.0876,0.04185,0.43,2019-06-07
LTT 1445 A c,LTT 1445 A,3,2,3.1239035,0.02661,0.00485,0.26,2022-01-24
LTT 3780 b,LTT 3780,2,2,0.76837931,0.01195,0.00774,0.38,2024-03-26
LTT 3780 c,LTT 3780,2,2,12.252284,0.0757,0.0253,0.38,2024-03-26
Luhman 16 b,Luhman 16 A,1,1,9697.0,3.52,29.4,0.03,2024-04-10
Lupus-TR-3 b,Lupus-TR-3,1,1,3.91405,0.0464,0.81,0.87,2014-05-14
M62H b,M62H,1,1,0.13293503,0.004908,2.47,1.4,2024-04-05
MOA-2009-BLG-266L b,MOA-2009-BLG-266L,1,1,2800.0,3.2,0.0327,0.56,2022-06-08
MOA-2009-BLG-387L b,MOA-2009-BLG-387L,1,1,1980.0,1.8,2.6,0.19,2022-06-08
MOA-2011-BLG-293L b,MOA-2011-BLG-293L,1,1,3000.0,3.4,2.4,0.43,2022-06-08
NGC 2682 Sand 1429 b,NGC 2682 Sand 1429,1,1,77.48,0.384,1.8,1.26,2024-03-25
NGC 2682 Sand 364 b,NGC 2682 Sand 364,1,1,121.71,0.53,6.69,9.06,2018-09-04
NGTS-10 b,NGTS-10,1,1,0.7668944,0.0143,2.162,0.7,2020-03-13
NGTS-15 b,NGTS-15,1,1,3.27623,0.0441,0.751,0.99,2021-04-23
NGTS-16 b,NGTS-16,1,1,4.84532,0.0523,0.667,1.0,2021-04-23
NGTS-17 b,NGTS-17,1,1,3.24253,0.0391,0.764,1.02,2021-04-23
NGTS-21 b,NGTS-21,1,1,1.5433897,0.0236,2.36,0.72,2022-10-18
NGTS-23 b,NGTS-23,1,1,4.0764326,0.0504,0.613,1.01,2022-11-14
NGTS-25 b,NGTS-25,1,1,2.823093,0.0388,0.639,0.91,2023-01-04
NGTS-30 b,NGTS-30,1,1,98.29838,0.408,0.96,0.94,2024-04-15
NGTS-8 b,NGTS-8,1,1,2.4997,0.035,0.93,0.89,2019-11-18
NN Ser c,NN Ser,2,2,5660.0,5.38,6.91,0.54,2014-05-16
NN Ser d,NN Ser,2,2,2830.0,3.39,2.28,0.54,2014-05-16
NSVS 14256825 b,NSVS 14256825,2,1,3225.0,3.12,14.15,0.42,2019-06-10
OGLE-2005-BLG-390L b,OGLE-2005-BLG-390L,1,1,3285.0,2.6,0.017,0.22,2019-12-05
OGLE-2006-BLG-109L b,OGLE-2006-BLG-109L,1,2,1788.5,2.3,0.727,0.51,2019-12-05
OGLE-2007-BLG-349L AB c,OGLE-2007-BLG-349L A,2,1,2557.0,2.59,0.25171,0.41,2021-09-08
OGLE-2016-BLG-1190L b,OGLE-2016-BLG-1190L,1,1,1220.0,2.17,13.38,0.88,2022-06-27
OGLE-2018-BLG-0740L b,OGLE-2018-BLG-0740L,1,1,3140.0,3.4,4.5,1.0,2022-06-27
OGLE-TR-10 b,OGLE-TR-10,1,1,3.101278,0.0435,1.13,1.14,2019-03-18
OGLE-TR-111 b,OGLE-TR-111,1,1,4.0144477,0.04689,0.78,0.85,2019-03-18
OGLE-TR-132 b,OGLE-TR-132,1,1,1.68986531,0.03036,2.7,1.3,2019-03-18
OGLE-TR-182 b,OGLE-TR-182,1,1,3.9791,0.05205,1.07,1.19,2019-03-18
OGLE-TR-211 b,OGLE-TR-211,1,1,3.67724,0.05106,0.68,1.31,2019-03-18
PH1 b,PH1,4,1,138.317,0.652,0.531,1.53,2014-05-14
PH2 b,PH2,1,1,282.52542,0.833,0.274,0.97,2024-04-15
POTS-1 b,POTS-1,1,1,3.1606296,0.03734,2.31,0.69,2014-05-14
PSR B0329+54 b,PSR B0329+54,1,1,10140.0,10.26,0.0062,1.44,2019-12-02
PSR B1257+12 b,PSR B1257+12,1,3,25.262,0.19,6e-05,1.4,2018-12-03
PSR B1257+12 c,PSR B1257+12,1,3,66.5419,0.36,0.01353,1.4,2018-12-03
PSR B1257+12 d,PSR B1257+12,1,3,98.2114,0.46,0.01227,1.4,2018-12-03
PSR J1719-1438 b,PSR J1719-1438,1,1,0.09070629,0.0044,1.2,1.4,2014-05-14
PSR J2322-2650 b,PSR J2322-2650,1,1,0.322964,0.0102,0.7949,1.4,2017-12-19
PZ Tel b,PZ Tel,1,1,44000.0,27.0,27.0,1.36,2023-04-10
Pr0201 b,Pr0201,1,1,4.4264,0.06,0.54,1.24,2018-09-04
Pr0211 b,Pr0211,2,2,2.1461,0.03176,1.88,0.94,2016-02-10
Pr0211 c,Pr0211,2,2,4850.0,5.5,7.79,0.94,2016-02-10
RR Cae b,RR Cae,2,1,4343.5,5.3,4.2,0.44,2015-08-26
Ross 128 b,Ross 128,1,1,9.8658,0.0496,0.0044,0.17,2017-11-16
Ross 508 b,Ross 508,1,1,10.77,0.05366,0.01259,0.18,2022-06-08
SWEEPS-11 b,SWEEPS-11,1,1,1.796,0.03,9.7,1.1,2014-05-14
SWEEPS-4 b,SWEEPS-4,1,1,4.2,0.055,3.8,1.24,2014-05-14
TAP 26 b,TAP 26,1,1,10.79,0.0968,1.66,1.04,2017-01-31
TIC 172900988 b,TIC 172900988 Aa,2,1,193.965,0.88328,2.6335,1.24,2021-09-08
TIC 279401253 b,TIC 279401253,1,2,76.8,0.369,6.14,1.13,2023-03-15
TIC 279401253 c,TIC 279401253,1,2,155.3,0.591,8.02,1.13,2023-03-15
TOI-1052 c,TOI-1052,1,2,35.806,0.2263,0.10792,1.2,2023-08-07
TOI-1062 c,TOI-1062,1,2,7.972,0.08,0.03077,0.94,2021-08-03
TOI-1075 b,TOI-1075,1,1,0.6047328,0.01159,0.03131,0.6,2022-11-07
TOI-1136 b,TOI-1136,1,6,4.1727,0.05106,0.01101,1.02,2024-04-10
TOI-1136 c,TOI-1136,1,6,6.2574,0.0669,0.01988,1.02,2024-04-10
TOI-1136 d,TOI-1136,1,6,12.5199,0.1062,0.02627,1.02,2024-04-10
TOI-1136 f,TOI-1136,1,6,26.321,0.174,0.03052,1.02,2024-04-10
TOI-1136 g,TOI-1136,1,6,39.545,0.229,0.01762,1.02,2024-04-10
TOI-1194 b,TOI-1194,1,1,2.310644,0.03428,0.456,1.01,2023-11-06
TOI-1199 b,TOI-1199,1,1,3.671463,0.04988,0.239,1.23,2024-03-05
TOI-1260 b,TOI-1260,1,3,3.127463,0.0367,0.02693,0.68,2022-12-17
TOI-1260 c,TOI-1260,1,3,7.493134,0.0657,0.04153,0.68,2022-12-17
TOI-1266 b,TOI-1266,1,2,10.894841,0.0728,0.01331,0.43,2024-03-25
TOI-1266 c,TOI-1266,1,2,18.801611,0.1047,0.00906,0.43,2024-03-25
TOI-1272 c,TOI-1272,1,2,8.689,0.0783,0.08401,0.85,2022-07-12
TOI-1273 b,TOI-1273,1,1,4.631296,0.0549,0.222,1.06,2024-03-05
TOI-1338 c,TOI-1338 A,2,2,215.5,0.794,0.205,1.13,2023-03-29
TOI-1386 b,TOI-1386,1,2,25.83839,0.1732,0.148,1.04,2024-02-16
TOI-1386 c,TOI-1386,1,2,227.6,0.739,0.309,1.04,2024-02-16
TOI-1420 b,TOI-1420,1,1,6.9561063,0.071,0.07897,0.99,2023-11-06
TOI-1470 b,TOI-1470,1,2,2.527093,0.0285,0.02303,0.47,2023-08-07
TOI-1470 c,TOI-1470,1,2,18.08816,0.106,0.02278,0.47,2023-08-07
TOI-1710 b,TOI-1710,2,1,24.283382,0.164,0.058,0.99,2024-03-25
TOI-1736 c,TOI-1736,1,2,570.1,1.381,8.7,1.08,2023-11-28
TOI-178 b,TOI-178,1,6,1.914558,0.02607,0.00472,0.65,2021-03-12
TOI-178 f,TOI-178,1,6,15.231915,0.1039,0.02429,0.65,2021-03-12
TOI-1807 b,TOI-1807,1,1,0.549374,0.012,0.00809,0.76,2023-03-28
TOI-181 b,TOI-181,1,1,4.532,0.0539,0.1452,0.82,2023-03-15
TOI-1811 b,TOI-1811,1,1,3.7130765,0.04389,0.972,0.82,2023-03-15
TOI-1899 b,TOI-1899,1,1,29.090312,0.1525,0.67,0.63,2024-04-15
TOI-199 c,TOI-199,1,2,273.69,0.807,0.28,0.94,2023-10-09
TOI-1994 b,TOI-1994,1,1,4.0337142,0.0613,22.1,1.86,2024-03-10
TOI-2010 b,TOI-2010,1,1,141.834025,0.5516,1.286,1.11,2023-11-29
TOI-2134 b,TOI-2134,1,2,9.2292005,0.078,0.02873,0.74,2023-11-28
TOI-2134 c,TOI-2134,1,2,95.5,0.371,0.1318,0.74,2023-11-28
TOI-2145 b,TOI-2145,1,1,10.26075,0.1108,5.26,1.72,2023-03-15
TOI-2152 A b,TOI-2152,3,1,3.3773512,0.05064,2.83,1.52,2023-03-15
TOI-2202 c,TOI-2202,1,2,24.6744,0.15544,0.369,0.82,2021-08-23
TOI-2338 b,TOI-2338,1,1,22.65398,0.158,5.98,0.99,2023-04-10
TOI-238 c,TOI-238,1,2,8.465651,0.0749,0.02108,0.79,2024-02-16
TOI-244 b,TOI-244,1,1,7.397225,0.0559,0.00843,0.43,2023-10-09
TOI-2497 b,TOI-2497,1,1,10.655669,0.1166,4.82,1.86,2023-03-15
TOI-3629 b,TOI-3629,1,1,3.9365578,0.04194,0.243,0.64,2023-11-07
TOI-3714 b,TOI-3714,2,1,2.15484802,0.0263,0.689,0.52,2023-11-07
TOI-3785 b,TOI-3785,1,1,4.6747373,0.043,0.04704,0.52,2023-07-21
TOI-3984 A b,TOI-3984 A,2,1,4.353326,0.041,0.14,0.49,2023-07-21
TOI-4010 b,TOI-4010,1,4,1.348335,0.0229,0.03461,0.88,2023-06-27
TOI-4010 c,TOI-4010,1,4,5.414654,0.058,0.0639,0.88,2023-06-27
TOI-4010 d,TOI-4010,1,4,14.70886,0.113,0.12003,0.88,2023-06-27
TOI-4010 e,TOI-4010,1,4,762.0,1.57,2.17728,0.88,2023-06-27
TOI-411 b,HD 22946,1,3,4.040295,0.05727,0.04314,1.1,2023-07-10
TOI-411 c,HD 22946,1,3,9.573083,0.1017,0.03058,1.1,2023-07-10
TOI-4127 b,TOI-4127,1,1,56.39879,0.3081,2.3,1.23,2023-06-12
TOI-4201 b,TOI-4201,1,1,3.5819232,0.03944,2.595,0.63,2024-03-10
TOI-431 c,TOI-431,1,3,4.8494,0.052,0.0089,0.78,2021-08-16
TOI-4406 b,TOI-4406,1,1,30.08364,0.201,0.3,1.19,2023-04-10
TOI-4515 b,TOI-4515,1,1,15.266446,0.118,2.005,0.95,2024-03-10
TOI-4600 b,TOI-4600,1,2,82.6869,0.349,3.02,0.89,2023-09-19
TOI-4860 b,TOI-4860,1,1,1.5227591,0.01808,0.273,0.34,2024-03-04
TOI-5205 b,TOI-5205,1,1,1.630757,0.0199,1.08,0.39,2023-03-15
TOI-5293 A b,TOI-5293 A,2,1,2.930289,0.034,0.54,0.54,2023-07-21
TOI-5344 b,TOI-5344,1,1,3.792622,0.04,0.42,0.59,2024-02-17
TOI-544 b,TOI-544,1,2,1.548352,0.0225,0.00909,0.63,2023-12-18
TOI-561 d,TOI-561,1,4,25.7124,0.159,0.03823,0.81,2023-03-15
TOI-561 e,TOI-561,1,4,77.03,0.33,0.04279,0.81,2023-03-15
TOI-615 b,TOI-615,1,1,4.6615983,0.0678,0.435,1.45,2023-07-26
TOI-836 c,TOI-836,1,2,8.59545,0.075,0.0302,0.68,2023-02-25
TOI-969 c,TOI-969,1,2,1700.0,2.52,11.3,0.73,2022-10-31
TRAPPIST-1 g,TRAPPIST-1,1,7,12.352446,0.04683,0.00416,0.09,2022-11-14
TYC 0434-04538-1 b,TYC 0434-04538-1,1,1,193.2,0.66,6.1,1.04,2021-02-05
TYC 1422-614-1 b,TYC 1422-614-1,1,2,198.4,0.69,2.5,1.15,2014-10-29
TYC 1422-614-1 c,TYC 1422-614-1,1,2,559.3,1.37,10.0,1.15,2014-10-29
TYC 2187-512-1 b,TYC 2187-512-1,1,1,691.9,1.22,0.33,0.5,2022-05-03
TYC 3318-01333-1 b,TYC 3318-01333-1,1,1,562.0,1.414,3.42,1.19,2018-01-23
TYC 3667-1280-1 b,TYC 3667-1280-1,1,1,26.468,0.21,5.4,1.87,2016-03-29
TYC 4282-00605-1 b,TYC 4282-00605-1,1,1,101.54,0.422,10.78,0.97,2017-06-27
Teegarden's Star b,Teegarden's Star,1,3,4.90634,0.0259,0.00365,0.1,2024-03-05
Teegarden's Star c,Teegarden's Star,1,3,11.416,0.0455,0.0033,0.1,2024-03-05
Teegarden's Star d,Teegarden's Star,1,3,26.13,0.0791,0.00258,0.1,2024-03-05
UZ For b,UZ For,2,2,5840.0,5.9,6.3,0.7,2014-05-14
UZ For c,UZ For,2,2,1916.25,2.8,7.7,0.7,2014-05-14
V0391 Peg b,V0391 Peg,1,1,1170.0,1.7,3.2,0.5,2015-05-14
V1298 Tau d,V1298 Tau,3,4,12.4058,0.1103,0.31,1.17,2023-04-10
V830 Tau b,V830 Tau,1,1,4.93,0.057,0.77,1.0,2016-11-30
WASP-148 c,WASP-148,1,2,34.524,0.2044,0.392,0.95,2022-10-03
WASP-163 b,WASP-163,1,1,1.6096884,0.0266,1.87,0.97,2018-12-11
WASP-18 c,WASP-18,2,2,2.1558,0.035,0.17368,1.22,2019-12-02
WASP-185 b,WASP-185,1,1,9.38755,0.0904,0.98,1.12,2019-10-02
WASP-41 c,WASP-41,1,2,421.0,1.07,3.18,0.93,2015-10-07
WASP-53 c,WASP-53,1,2,2840.0,3.73,16.35,0.84,2017-01-31
WASP-8 c,WASP-8,2,2,4323.0,5.28,9.45,1.04,2014-05-14
WASP-84 c,WASP-84,1,2,1.4468849,0.02359,0.048,0.85,2023-07-10
WASP-94 B b,WASP-94 B,2,2,2.00839,0.0335,0.618,1.24,2014-10-03
WISE J033605.05-014350.4 b,WISE J033605.05-014350.4,1,1,2560.0,0.97,8.25,0.01,2023-05-03
WTS-1 b,WTS-1,1,1,3.352057,0.047,4.01,1.2,2014-05-14
Wolf 1061 b,Wolf 1061,1,3,4.8876,0.035509,0.00428,0.25,2017-03-29
Wolf 1061 c,Wolf 1061,1,3,17.8719,0.089,0.01073,0.29,2017-03-29
Wolf 1061 d,Wolf 1061,1,3,217.21,0.47,0.02423,0.29,2017-03-29
Wolf 1069 b,Wolf 1069,1,1,15.564,0.0672,0.00396,0.17,2023-02-25
Wolf 327 b,Wolf 327,1,1,0.5734745,0.01,0.00796,0.41,2024-02-05
Wolf 503 b,Wolf 503,1,1,6.00127,0.05712,0.01973,0.69,2023-04-17
XO-2 S b,XO-2 S,2,3,18.157,0.13,0.26,0.98,2018-09-04
XO-2 S c,XO-2 S,2,3,120.8,0.4756,1.37,0.98,2014-07-09
YZ Cet b,YZ Cet,1,3,2.02087,0.01634,0.0022,0.14,2022-02-15
YZ Cet c,YZ Cet,1,3,3.05989,0.02156,0.00359,0.14,2022-02-15
YZ Cet d,YZ Cet,1,3,4.65626,0.02851,0.00343,0.14,2022-02-15
alf Ari b,alf Ari,1,1,380.8,1.2,1.8,1.5,2019-01-28
alf Tau b,alf Tau,2,1,628.96,1.46,6.47,1.13,2015-06-04
b Cen AB b,b Cen A,2,1,1790000.0,556.0,10.9,5.5,2022-01-24
bet Cnc b,bet Cnc,2,1,605.2,1.7,7.8,1.7,2014-05-14
bet Pic b,bet Pic,1,2,8617.50952,10.018,11.729,1.79,2023-06-12
bet Pic c,bet Pic,1,2,1192.77951,2.68,10.139,1.79,2023-06-12
bet UMi b,bet UMi,1,1,522.3,1.4,6.1,1.4,2014-05-14
eps CrB b,eps CrB,1,1,417.9,1.3,6.7,1.7,2015-09-08
eps Eri b,eps Eri,1,1,2671.0,3.53,0.66,0.82,2022-07-18
eps Ind A b,eps Ind A,3,1,16510.0,11.55,3.25,0.75,2019-10-18
eps Tau b,eps Tau,1,1,585.82,1.878,7.19,2.57,2023-09-19
gam Lib b,gam Lib,1,2,414.88,1.319,1.126,1.78,2023-09-19
gam Lib c,gam Lib,1,2,966.49,2.318,5.231,1.78,2023-09-19
gam Psc b,gam Psc,1,1,555.1,1.32,1.34,0.99,2022-01-10
gam1 Leo b,gam1 Leo,2,1,428.5,1.19,8.78,1.23,2019-01-28
iot Dra b,iot Dra,1,2,536.0,1.3,8.9,1.05,2022-12-17
iot Dra c,iot Dra,1,2,25000.0,19.4,15.6,1.54,2022-05-03
kap CrB b,kap CrB,1,1,1253.68,2.5,1.522,1.33,2023-09-19
mu Leo b,mu Leo,1,1,357.8,1.1,2.4,1.5,2014-05-14
nu Oct A b,nu Oct A,2,1,417.0,1.25,2.4,1.61,2023-01-18
nu Oph b,nu Oph,1,2,529.93,1.765,21.548,2.61,2023-09-19
nu Oph c,nu Oph,1,2,3180.6,5.829,23.693,2.61,2023-09-19
ome Ser b,ome Ser,2,1,278.59,0.838,0.736,1.01,2023-09-19
omi CrB b,omi CrB,1,1,187.01,0.699,1.12,1.3,2023-09-19
omi UMa b,omi UMa,2,1,1569.81,3.691,3.651,2.72,2023-09-19
psi1 Dra B b,psi1 Dra B,3,1,3117.0,4.43,1.53,1.19,2015-12-16
rho CrB b,rho CrB,1,4,39.8438,0.2245,1.093,0.95,2023-07-11
rho CrB c,rho CrB,1,4,102.19,0.4206,0.08873,0.95,2023-07-11
rho CrB d,rho CrB,1,4,282.2,0.827,0.06796,0.95,2023-07-11
rho CrB e,rho CrB,1,4,12.949,0.1061,0.01192,0.95,2023-07-11
tau Boo b,tau Boo,2,1,3.3124534,0.04869,4.3,1.4,2022-05-09
tau Cet e,tau Cet,1,4,162.87,0.538,0.01237,0.78,2017-08-14
tau Cet f,tau Cet,1,4,636.13,1.334,0.01237,0.78,2017-08-14
tau Cet g,tau Cet,1,4,20.0,0.133,0.00551,0.78,2017-08-14
tau Cet h,tau Cet,1,4,49.41,0.243,0.00576,0.78,2017-08-14
ups And b,ups And,2,3,4.617122,0.05914,0.675,1.29,2022-05-09
ups And c,ups And,2,3,241.223,0.8265,1.965,1.29,2021-09-20
ups And d,ups And,2,3,1282.41,2.517,4.1,1.29,2021-09-20
ups Leo b,ups Leo,1,1,385.2,1.18,0.51,1.48,2022-01-10
xi Aql b,xi Aql,1,1,136.97,0.625,1.941,1.74,2023-09-19
